 35,  76,  51,  77,  -7,   4, -14,  18, 
 37,  77,  50,  77,  -8,   1, -12,  21, 
 40,  78,  50,  76,  -9,  -2, -12,  24, 
 43,  78,  50,  76, -10,  -7, -12,  27, 
 45,  76,  51,  75, -11, -11, -12,  29, 
 48,  73,  52,  74, -11, -15, -12,  32, 
 51,  67,  53,  74, -12, -18, -12,  35, 
 53,  60,  54,  73, -12, -19, -12,  37, 
 56,  52,  55,  72, -12, -19, -12,  40, 
 58,  43,  57,  72, -12, -16, -12,  42, 
 60,  35,  58,  71, -11, -12, -12,  44, 
 62,  27,  60,  71, -11,  -8, -11,  45, 
 64,  22,  61,  70, -10,  -3, -11,  46, 
 66,  18,  63,  70, -10,   1, -11,  47, 
 68,  16,  64,  70,  -9,   3, -10,  47, 
 69,  16,  66,  79,  -8,   4,  -9,  35, 
 70,  16,  68,  87,  -7,   4,  -9,  22, 
 71,  17,  69,  95,  -5,   3,  -8,  10, 
 72,  17,  71, 101,  -4,   3,  -6,  -2, 
 73,  18,  72, 106,  -3,   2,  -5, -13, 
 74,  19,  73, 108,  -2,   1,  -3, -23, 
 74,  21,  74, 108,  -1,   0,  -2, -31, 
 75,  22,  75, 103,   0,  -1,   0, -37, 
 75,  24,  76,  95,   1,  -2,   3, -40, 
 76,  26,  76,  84,   2,  -3,   5, -39, 
 76,  28,  77,  73,   3,  -4,   7, -35, 
 76,  30,  77,  64,   3,  -5,  10, -29, 
 76,  32,  77,  56,   3,  -6,  12, -22, 
 76,  35,  77,  51,   4,  -7,  15, -14, 
 76,  37,  77,  50,   4,  -8,  18, -12, 
 77,  40,  77,  50,   1,  -9,  21, -12, 
 78,  43,  76,  50,  -2, -10,  24, -12, 
 78,  45,  76,  51,  -7, -11,  27, -12, 
 76,  48,  75,  52, -11, -11,  29, -12, 
 73,  51,  74,  53, -15, -12,  32, -12, 
 67,  53,  74,  54, -18, -12,  35, -12, 
 60,  56,  73,  55, -19, -12,  37, -12, 
 52,  58,  72,  57, -19, -12,  40, -12, 
 43,  60,  72,  58, -16, -11,  42, -12, 
 35,  62,  71,  60, -12, -11,  44, -11, 
 27,  64,  71,  61,  -8, -10,  45, -11, 
 22,  66,  70,  63,  -3, -10,  46, -11, 
 18,  68,  70,  64,   1,  -9,  47, -10, 
 16,  69,  70,  66,   3,  -8,  47,  -9, 
 16,  70,  79,  68,   4,  -7,  35,  -9, 
 16,  71,  87,  69,   4,  -5,  22,  -8, 
 17,  72,  95,  71,   3,  -4,  10,  -6, 
 17,  73, 101,  72,   3,  -3,  -2,  -5, 
 18,  74, 106,  73,   2,  -2, -13,  -3, 
 19,  74, 108,  74,   1,  -1, -23,  -2, 
 21,  75, 108,  75,   0,   0, -31,   0, 
 22,  75, 103,  76,  -1,   1, -37,   3, 
 24,  76,  95,  76,  -2,   2, -40,   5, 
 26,  76,  84,  77,  -3,   3, -39,   7, 
 28,  76,  73,  77,  -4,   3, -35,  10, 
 30,  76,  64,  77,  -5,   3, -29,  12, 
 32,  76,  56,  77,  -6,   4, -22,  15, 
 36,  76,  50,  77,  -8,   4, -12,  17, 
 36,  76,  50,  77,  -8,   4, -12,  17, 
 36,  76,  50,  77,  -8,   4, -12,  18, 
 37,  76,  50,  77,  -8,   4, -12,  18, 
 37,  76,  50,  77,  -8,   3, -12,  18, 
 37,  77,  50,  77,  -8,   3, -12,  18, 
 37,  77,  50,  77,  -8,   3, -12,  18, 
 37,  77,  50,  77,  -8,   3, -12,  18, 
 37,  77,  50,  77,  -8,   3, -12,  18, 
 37,  77,  50,  77,  -8,   3, -12,  19, 
 38,  77,  50,  77,  -8,   3, -12,  19, 
 38,  77,  50,  77,  -9,   2, -12,  19, 
 38,  77,  50,  77,  -9,   2, -12,  19, 
 38,  77,  50,  77,  -9,   2, -12,  19, 
 38,  77,  50,  77,  -9,   2, -12,  19, 
 38,  77,  50,  77,  -9,   2, -12,  20, 
 38,  77,  50,  77,  -9,   2, -12,  20, 
 39,  77,  50,  77,  -9,   2, -12,  20, 
 39,  77,  50,  77,  -9,   1, -12,  20, 
 39,  77,  50,  77,  -9,   1, -12,  20, 
 39,  77,  50,  77,  -9,   1, -12,  20, 
 39,  78,  50,  77,  -9,   1, -12,  21, 
 39,  78,  50,  77,  -9,   1, -12,  21, 
 40,  78,  50,  77,  -9,   0, -12,  21, 
 40,  78,  50,  77,  -9,   0, -12,  21, 
 40,  78,  50,  77,  -9,   0, -12,  21, 
 40,  78,  50,  77,  -9,   0, -12,  21, 
 40,  78,  50,  77,  -9,   0, -12,  22, 
 40,  78,  50,  76,  -9,  -1, -12,  22, 
 40,  78,  50,  76,  -9,  -1, -12,  22, 
 41,  78,  50,  76,  -9,  -1, -12,  22, 
 41,  78,  50,  76, -10,  -1, -12,  22, 
 41,  78,  50,  76, -10,  -2, -12,  22, 
 41,  78,  50,  76, -10,  -2, -12,  23, 
 41,  78,  50,  76, -10,  -2, -12,  23, 
 41,  78,  50,  76, -10,  -2, -12,  23, 
 41,  78,  50,  76, -10,  -2, -12,  23, 
 42,  78,  50,  76, -10,  -3, -12,  23, 
 42,  78,  50,  76, -10,  -3, -12,  23, 
 42,  78,  50,  76, -10,  -3, -12,  24, 
 42,  78,  50,  76, -10,  -3, -12,  24, 
 42,  78,  50,  76, -10,  -4, -12,  24, 
 42,  78,  50,  76, -10,  -4, -12,  24, 
 43,  78,  50,  76, -10,  -4, -12,  24, 
 43,  78,  50,  76, -10,  -4, -12,  24, 
 43,  78,  50,  76, -10,  -5, -12,  25, 
 43,  78,  50,  76, -10,  -5, -12,  25, 
 43,  78,  50,  76, -10,  -5, -12,  25, 
 43,  78,  50,  76, -10,  -5, -12,  25, 
 43,  78,  50,  76, -10,  -6, -12,  25, 
 44,  78,  50,  76, -10,  -6, -12,  25, 
 44,  78,  51,  76, -10,  -6, -12,  26, 
 44,  78,  51,  76, -10,  -6, -12,  26, 
 44,  78,  51,  76, -10,  -7, -12,  26, 
 44,  78,  51,  76, -10,  -7, -12,  26, 
 44,  77,  51,  76, -11,  -7, -12,  26, 
 44,  77,  51,  76, -11,  -8, -12,  26, 
 45,  77,  51,  76, -11,  -8, -12,  27, 
 45,  77,  51,  76, -11,  -8, -12,  27, 
 45,  77,  51,  76, -11,  -8, -12,  27, 
 45,  77,  51,  76, -11,  -9, -12,  27, 
 45,  77,  51,  76, -11,  -9, -12,  27, 
 45,  77,  51,  76, -11,  -9, -12,  27, 
 46,  77,  51,  75, -11,  -9, -12,  28, 
 46,  77,  51,  75, -11, -10, -12,  28, 
 46,  77,  51,  75, -11, -10, -12,  28, 
 46,  76,  51,  75, -11, -10, -12,  28, 
 46,  76,  51,  75, -11, -10, -12,  28, 
 46,  76,  51,  75, -11, -11, -12,  28, 
 46,  76,  51,  75, -11, -11, -12,  28, 
 47,  76,  51,  75, -11, -11, -12,  29, 
 47,  76,  51,  75, -11, -11, -12,  29, 
 47,  76,  51,  75, -11, -12, -12,  29, 
 47,  75,  51,  75, -11, -12, -12,  29, 
 47,  75,  51,  75, -11, -12, -12,  29, 
 47,  75,  51,  75, -11, -12, -12,  29, 
 47,  75,  51,  75, -11, -13, -12,  30, 
 48,  75,  52,  75, -11, -13, -12,  30, 
 48,  75,  52,  75, -11, -13, -12,  30, 
 48,  74,  52,  75, -11, -13, -12,  30, 
 48,  74,  52,  75, -11, -14, -12,  30, 
 48,  74,  52,  75, -11, -14, -12,  30, 
 48,  74,  52,  75, -11, -14, -12,  31, 
 49,  74,  52,  75, -11, -14, -12,  31, 
 49,  73,  52,  75, -11, -15, -12,  31, 
 49,  73,  52,  75, -11, -15, -12,  31, 
 49,  73,  52,  75, -11, -15, -12,  31, 
 49,  73,  52,  75, -11, -15, -12,  31, 
 49,  72,  52,  75, -11, -15, -12,  32, 
 49,  72,  52,  75, -12, -16, -12,  32, 
 50,  72,  52,  75, -12, -16, -12,  32, 
 50,  72,  52,  74, -12, -16, -12,  32, 
 50,  71,  52,  74, -12, -16, -12,  32, 
 50,  71,  52,  74, -12, -16, -12,  32, 
 50,  71,  52,  74, -12, -17, -12,  32, 
 50,  71,  52,  74, -12, -17, -12,  33, 
 50,  70,  52,  74, -12, -17, -12,  33, 
 51,  70,  53,  74, -12, -17, -12,  33, 
 51,  70,  53,  74, -12, -17, -12,  33, 
 51,  69,  53,  74, -12, -17, -12,  33, 
 51,  69,  53,  74, -12, -18, -12,  33, 
 51,  69,  53,  74, -12, -18, -12,  34, 
 51,  68,  53,  74, -12, -18, -12,  34, 
 51,  68,  53,  74, -12, -18, -12,  34, 
 52,  68,  53,  74, -12, -18, -12,  34, 
 52,  67,  53,  74, -12, -18, -12,  34, 
 52,  67,  53,  74, -12, -18, -12,  34, 
 52,  67,  53,  74, -12, -18, -12,  34, 
 52,  66,  53,  74, -12, -19, -12,  35, 
 52,  66,  53,  74, -12, -19, -12,  35, 
 53,  65,  53,  74, -12, -19, -12,  35, 
 53,  65,  53,  74, -12, -19, -12,  35, 
 53,  65,  53,  74, -12, -19, -12,  35, 
 53,  64,  54,  74, -12, -19, -12,  35, 
 53,  64,  54,  74, -12, -19, -12,  35, 
 53,  63,  54,  74, -12, -19, -12,  36, 
 53,  63,  54,  73, -12, -19, -12,  36, 
 54,  63,  54,  73, -12, -19, -12,  36, 
 54,  62,  54,  73, -12, -19, -12,  36, 
 54,  62,  54,  73, -12, -19, -12,  36, 
 54,  61,  54,  73, -12, -19, -12,  36, 
 54,  61,  54,  73, -12, -19, -12,  36, 
 54,  60,  54,  73, -12, -19, -12,  37, 
 54,  60,  54,  73, -12, -19, -12,  37, 
 55,  59,  54,  73, -12, -19, -12,  37, 
 55,  59,  54,  73, -12, -19, -12,  37, 
 55,  59,  54,  73, -12, -19, -12,  37, 
 55,  58,  54,  73, -12, -19, -12,  37, 
 55,  58,  55,  73, -12, -19, -12,  37, 
 55,  57,  55,  73, -12, -19, -12,  38, 
 55,  57,  55,  73, -12, -19, -12,  38, 
 55,  56,  55,  73, -12, -19, -12,  38, 
 56,  56,  55,  73, -12, -19, -12,  38, 
 56,  55,  55,  73, -12, -19, -12,  38, 
 56,  55,  55,  73, -12, -19, -12,  38, 
 56,  54,  55,  73, -12, -19, -12,  38, 
 56,  54,  55,  73, -12, -19, -12,  39, 
 56,  53,  55,  73, -12, -19, -12,  39, 
 56,  53,  55,  73, -12, -19, -12,  39, 
 57,  52,  55,  73, -12, -19, -12,  39, 
 57,  52,  55,  73, -12, -19, -12,  39, 
 57,  51,  56,  72, -12, -19, -12,  39, 
 57,  51,  56,  72, -12, -19, -12,  39, 
 57,  50,  56,  72, -12, -18, -12,  40, 
 57,  50,  56,  72, -12, -18, -12,  40, 
 57,  49,  56,  72, -12, -18, -12,  40, 
 58,  49,  56,  72, -12, -18, -12,  40, 
 58,  48,  56,  72, -12, -18, -12,  40, 
 58,  48,  56,  72, -12, -18, -12,  40, 
 58,  47,  56,  72, -12, -18, -12,  40, 
 58,  47,  56,  72, -12, -18, -12,  40, 
 58,  46,  56,  72, -12, -17, -12,  41, 
 58,  46,  56,  72, -12, -17, -12,  41, 
 58,  45,  56,  72, -12, -17, -12,  41, 
 59,  45,  57,  72, -12, -17, -12,  41, 
 59,  44,  57,  72, -12, -17, -12,  41, 
 59,  44,  57,  72, -12, -17, -12,  41, 
 59,  43,  57,  72, -12, -16, -12,  41, 
 59,  43,  57,  72, -12, -16, -12,  41, 
 59,  42,  57,  72, -12, -16, -12,  41, 
 59,  42,  57,  72, -12, -16, -12,  42, 
 59,  41,  57,  72, -12, -16, -12,  42, 
 60,  41,  57,  72, -11, -15, -12,  42, 
 60,  40,  57,  72, -11, -15, -12,  42, 
 60,  40,  57,  72, -11, -15, -12,  42, 
 60,  39,  57,  72, -11, -15, -12,  42, 
 60,  39,  58,  72, -11, -15, -12,  42, 
 60,  38,  58,  72, -11, -14, -12,  42, 
 60,  38,  58,  71, -11, -14, -12,  42, 
 60,  38,  58,  71, -11, -14, -12,  43, 
 61,  37,  58,  71, -11, -14, -12,  43, 
 61,  37,  58,  71, -11, -13, -12,  43, 
 61,  36,  58,  71, -11, -13, -12,  43, 
 61,  36,  58,  71, -11, -13, -12,  43, 
 61,  35,  58,  71, -11, -13, -12,  43, 
 61,  35,  58,  71, -11, -12, -12,  43, 
 61,  34,  58,  71, -11, -12, -12,  43, 
 61,  34,  59,  71, -11, -12, -12,  43, 
 62,  33,  59,  71, -11, -12, -12,  43, 
 62,  33,  59,  71, -11, -11, -12,  44, 
 62,  33,  59,  71, -11, -11, -12,  44, 
 62,  32,  59,  71, -11, -11, -12,  44, 
 62,  32,  59,  71, -11, -11, -12,  44, 
 62,  31,  59,  71, -11, -10, -12,  44, 
 62,  31,  59,  71, -11, -10, -12,  44, 
 62,  31,  59,  71, -11, -10, -12,  44, 
 62,  30,  59,  71, -11, -10, -12,  44, 
 63,  30,  59,  71, -11,  -9, -12,  44, 
 63,  29,  59,  71, -11,  -9, -11,  44, 
 63,  29,  60,  71, -11,  -9, -11,  44, 
 63,  29,  60,  71, -11,  -9, -11,  45, 
 63,  28,  60,  71, -11,  -8, -11,  45, 
 63,  28,  60,  71, -11,  -8, -11,  45, 
 63,  27,  60,  71, -11,  -8, -11,  45, 
 63,  27,  60,  71, -11,  -8, -11,  45, 
 63,  27,  60,  71, -11,  -7, -11,  45, 
 64,  26,  60,  71, -10,  -7, -11,  45, 
 64,  26,  60,  71, -10,  -7, -11,  45, 
 64,  26,  60,  71, -10,  -6, -11,  45, 
 64,  25,  60,  71, -10,  -6, -11,  45, 
 64,  25,  61,  71, -10,  -6, -11,  45, 
 64,  25,  61,  70, -10,  -6, -11,  45, 
 64,  24,  61,  70, -10,  -5, -11,  45, 
 64,  24,  61,  70, -10,  -5, -11,  46, 
 64,  24,  61,  70, -10,  -5, -11,  46, 
 65,  23,  61,  70, -10,  -5, -11,  46, 
 65,  23,  61,  70, -10,  -4, -11,  46, 
 65,  23,  61,  70, -10,  -4, -11,  46, 
 65,  22,  61,  70, -10,  -4, -11,  46, 
 65,  22,  61,  70, -10,  -4, -11,  46, 
 65,  22,  62,  70, -10,  -3, -11,  46, 
 65,  22,  62,  70, -10,  -3, -11,  46, 
 65,  21,  62,  70, -10,  -3, -11,  46, 
 65,  21,  62,  70, -10,  -3, -11,  46, 
 65,  21,  62,  70, -10,  -2, -11,  46, 
 66,  21,  62,  70, -10,  -2, -11,  46, 
 66,  20,  62,  70, -10,  -2, -11,  46, 
 66,  20,  62,  70, -10,  -2, -11,  46, 
 66,  20,  62,  70, -10,  -2, -11,  46, 
 66,  20,  62,  70, -10,  -1, -11,  46, 
 66,  19,  62,  70,  -9,  -1, -11,  47, 
 66,  19,  63,  70,  -9,  -1, -11,  47, 
 66,  19,  63,  70,  -9,  -1, -11,  47, 
 66,  19,  63,  70,  -9,   0, -11,  47, 
 66,  19,  63,  70,  -9,   0, -11,  47, 
 67,  18,  63,  70,  -9,   0, -11,  47, 
 67,  18,  63,  70,  -9,   0, -11,  47, 
 67,  18,  63,  70,  -9,   0, -11,  47, 
 67,  18,  63,  70,  -9,   1, -11,  47, 
 67,  18,  63,  70,  -9,   1, -11,  47, 
 67,  17,  63,  70,  -9,   1, -11,  47, 
 67,  17,  63,  70,  -9,   1, -11,  47, 
 67,  17,  64,  70,  -9,   1, -10,  47, 
 67,  17,  64,  70,  -9,   2, -10,  47, 
 67,  17,  64,  70,  -9,   2, -10,  47, 
 67,  17,  64,  70,  -9,   2, -10,  47, 
 68,  17,  64,  70,  -9,   2, -10,  47, 
 68,  17,  64,  70,  -9,   2, -10,  47, 
 68,  16,  64,  70,  -9,   2, -10,  47, 
 68,  16,  64,  70,  -9,   2, -10,  47, 
 68,  16,  64,  70,  -8,   3, -10,  47, 
 68,  16,  64,  70,  -8,   3, -10,  47, 
 68,  16,  65,  70,  -8,   3, -10,  47, 
 68,  16,  65,  70,  -8,   3, -10,  47, 
 68,  16,  65,  70,  -8,   3, -10,  47, 
 68,  16,  65,  70,  -8,   3, -10,  47, 
 68,  16,  65,  70,  -8,   3, -10,  47, 
 68,  16,  65,  70,  -8,   4, -10,  47, 
 69,  16,  65,  70,  -8,   4, -10,  47, 
 69,  16,  65,  70,  -8,   4, -10,  47, 
 69,  16,  65,  70,  -8,   4, -10,  47, 
 69,  16,  65,  70,  -8,   4, -10,  46, 
 69,  16,  65,  71,  -8,   4, -10,  46, 
 69,  16,  66,  71,  -8,   4, -10,  45, 
 69,  16,  66,  72,  -8,   4, -10,  44, 
 69,  16,  66,  72,  -8,   4, -10,  44, 
 69,  16,  66,  73,  -8,   4, -10,  43, 
 69,  16,  66,  74,  -7,   4, -10,  42, 
 69,  16,  66,  74,  -7,   4,  -9,  42, 
 69,  16,  66,  75,  -7,   4,  -9,  41, 
 69,  16,  66,  75,  -7,   4,  -9,  40, 
 70,  16,  66,  76,  -7,   4,  -9,  39, 
 70,  16,  66,  76,  -7,   4,  -9,  39, 
 70,  16,  66,  77,  -7,   4,  -9,  38, 
 70,  16,  67,  77,  -7,   4,  -9,  37, 
 70,  16,  67,  78,  -7,   4,  -9,  37, 
 70,  16,  67,  78,  -7,   4,  -9,  36, 
 70,  16,  67,  79,  -7,   4,  -9,  35, 
 70,  16,  67,  79,  -7,   4,  -9,  34, 
 70,  16,  67,  80,  -7,   4,  -9,  34, 
 70,  16,  67,  80,  -7,   4,  -9,  33, 
 70,  16,  67,  81,  -7,   4,  -9,  32, 
 70,  16,  67,  81,  -7,   4,  -9,  32, 
 70,  16,  67,  82,  -7,   4,  -9,  31, 
 70,  16,  67,  82,  -6,   4,  -9,  30, 
 70,  16,  68,  82,  -6,   4,  -9,  29, 
 71,  16,  68,  83,  -6,   4,  -9,  29, 
 71,  16,  68,  83,  -6,   4,  -9,  28, 
 71,  16,  68,  84,  -6,   4,  -8,  27, 
 71,  16,  68,  84,  -6,   4,  -8,  27, 
 71,  16,  68,  85,  -6,   4,  -8,  26, 
 71,  16,  68,  85,  -6,   4,  -8,  25, 
 71,  16,  68,  86,  -6,   4,  -8,  25, 
 71,  16,  68,  86,  -6,   4,  -8,  24, 
 71,  16,  68,  87,  -6,   4,  -8,  23, 
 71,  16,  68,  87,  -6,   3,  -8,  22, 
 71,  16,  69,  88,  -6,   3,  -8,  22, 
 71,  16,  69,  88,  -6,   3,  -8,  21, 
 71,  16,  69,  89,  -6,   3,  -8,  20, 
 71,  16,  69,  89,  -6,   3,  -8,  20, 
 71,  16,  69,  89,  -5,   3,  -8,  19, 
 71,  16,  69,  90,  -5,   3,  -8,  18, 
 72,  16,  69,  90,  -5,   3,  -8,  17, 
 72,  16,  69,  91,  -5,   3,  -8,  17, 
 72,  16,  69,  91,  -5,   3,  -8,  16, 
 72,  16,  69,  92,  -5,   3,  -7,  15, 
 72,  16,  69,  92,  -5,   3,  -7,  15, 
 72,  16,  69,  92,  -5,   3,  -7,  14, 
 72,  16,  70,  93,  -5,   3,  -7,  13, 
 72,  17,  70,  93,  -5,   3,  -7,  13, 
 72,  17,  70,  94,  -5,   3,  -7,  12, 
 72,  17,  70,  94,  -5,   3,  -7,  11, 
 72,  17,  70,  94,  -5,   3,  -7,  11, 
 72,  17,  70,  95,  -5,   3,  -7,  10, 
 72,  17,  70,  95,  -5,   3,  -7,   9, 
 72,  17,  70,  96,  -4,   3,  -7,   8, 
 72,  17,  70,  96,  -4,   3,  -7,   8, 
 72,  17,  70,  96,  -4,   3,  -7,   7, 
 72,  17,  70,  97,  -4,   3,  -7,   6, 
 72,  17,  70,  97,  -4,   3,  -6,   6, 
 73,  17,  71,  98,  -4,   3,  -6,   5, 
 73,  17,  71,  98,  -4,   3,  -6,   4, 
 73,  17,  71,  98,  -4,   3,  -6,   4, 
 73,  17,  71,  99,  -4,   3,  -6,   3, 
 73,  17,  71,  99,  -4,   3,  -6,   2, 
 73,  17,  71,  99,  -4,   3,  -6,   2, 
 73,  17,  71, 100,  -4,   3,  -6,   1, 
 73,  17,  71, 100,  -4,   3,  -6,   0, 
 73,  17,  71, 100,  -4,   3,  -6,   0, 
 73,  17,  71, 101,  -4,   3,  -6,  -1, 
 73,  17,  71, 101,  -3,   3,  -6,  -2, 
 73,  17,  71, 101,  -3,   2,  -6,  -2, 
 73,  18,  71, 102,  -3,   2,  -5,  -3, 
 73,  18,  71, 102,  -3,   2,  -5,  -4, 
 73,  18,  72, 102,  -3,   2,  -5,  -4, 
 73,  18,  72, 103,  -3,   2,  -5,  -5, 
 73,  18,  72, 103,  -3,   2,  -5,  -6, 
 73,  18,  72, 103,  -3,   2,  -5,  -6, 
 73,  18,  72, 103,  -3,   2,  -5,  -7, 
 73,  18,  72, 104,  -3,   2,  -5,  -7, 
 73,  18,  72, 104,  -3,   2,  -5,  -8, 
 73,  18,  72, 104,  -3,   2,  -5,  -9, 
 73,  18,  72, 104,  -3,   2,  -5,  -9, 
 74,  18,  72, 105,  -3,   2,  -5, -10, 
 74,  18,  72, 105,  -3,   2,  -4, -11, 
 74,  18,  72, 105,  -3,   2,  -4, -11, 
 74,  18,  72, 105,  -2,   2,  -4, -12, 
 74,  18,  72, 106,  -2,   2,  -4, -12, 
 74,  18,  73, 106,  -2,   2,  -4, -13, 
 74,  19,  73, 106,  -2,   2,  -4, -14, 
 74,  19,  73, 106,  -2,   2,  -4, -14, 
 74,  19,  73, 106,  -2,   2,  -4, -15, 
 74,  19,  73, 107,  -2,   2,  -4, -15, 
 74,  19,  73, 107,  -2,   2,  -4, -16, 
 74,  19,  73, 107,  -2,   2,  -4, -17, 
 74,  19,  73, 107,  -2,   1,  -3, -17, 
 74,  19,  73, 107,  -2,   1,  -3, -18, 
 74,  19,  73, 107,  -2,   1,  -3, -18, 
 74,  19,  73, 108,  -2,   1,  -3, -19, 
 74,  19,  73, 108,  -2,   1,  -3, -20, 
 74,  19,  73, 108,  -2,   1,  -3, -20, 
 74,  19,  73, 108,  -2,   1,  -3, -21, 
 74,  19,  73, 108,  -1,   1,  -3, -21, 
 74,  19,  74, 108,  -1,   1,  -3, -22, 
 74,  20,  74, 108,  -1,   1,  -3, -22, 
 74,  20,  74, 108,  -1,   1,  -2, -23, 
 74,  20,  74, 108,  -1,   1,  -2, -23, 
 74,  20,  74, 108,  -1,   1,  -2, -24, 
 74,  20,  74, 108,  -1,   1,  -2, -24, 
 74,  20,  74, 108,  -1,   1,  -2, -25, 
 74,  20,  74, 108,  -1,   1,  -2, -25, 
 74,  20,  74, 108,  -1,   1,  -2, -26, 
 75,  20,  74, 108,  -1,   1,  -2, -26, 
 75,  20,  74, 108,  -1,   1,  -2, -27, 
 75,  20,  74, 108,  -1,   1,  -2, -27, 
 75,  20,  74, 108,  -1,   0,  -1, -28, 
 75,  20,  74, 108,  -1,   0,  -1, -28, 
 75,  21,  74, 108,  -1,   0,  -1, -29, 
 75,  21,  74, 108,   0,   0,  -1, -29, 
 75,  21,  74, 108,   0,   0,  -1, -30, 
 75,  21,  74, 108,   0,   0,  -1, -30, 
 75,  21,  75, 108,   0,   0,  -1, -31, 
 75,  21,  75, 108,   0,   0,  -1, -31, 
 75,  21,  75, 107,   0,   0,  -1, -31, 
 75,  21,  75, 107,   0,   0,   0, -32, 
 75,  21,  75, 107,   0,   0,   0, -32, 
 75,  21,  75, 107,   0,   0,   0, -33, 
 75,  21,  75, 107,   0,   0,   0, -33, 
 75,  22,  75, 107,   0,   0,   0, -33, 
 75,  22,  75, 106,   0,   0,   0, -34, 
 75,  22,  75, 106,   0,   0,   0, -34, 
 75,  22,  75, 106,   0,   0,   0, -34, 
 75,  22,  75, 106,   0,   0,   0, -35, 
 75,  22,  75, 105,   0,  -1,   1, -35, 
 75,  22,  75, 105,   0,  -1,   1, -35, 
 75,  22,  75, 105,   0,  -1,   1, -36, 
 75,  22,  75, 104,   1,  -1,   1, -36, 
 75,  22,  75, 104,   1,  -1,   1, -36, 
 75,  22,  75, 104,   1,  -1,   1, -37, 
 75,  23,  75, 103,   1,  -1,   1, -37, 
 75,  23,  75, 103,   1,  -1,   1, -37, 
 75,  23,  75, 103,   1,  -1,   2, -37, 
 75,  23,  76, 102,   1,  -1,   2, -38, 
 75,  23,  76, 102,   1,  -1,   2, -38, 
 75,  23,  76, 102,   1,  -1,   2, -38, 
 75,  23,  76, 101,   1,  -1,   2, -38, 
 75,  23,  76, 101,   1,  -1,   2, -39, 
 75,  23,  76, 100,   1,  -1,   2, -39, 
 75,  23,  76, 100,   1,  -1,   2, -39, 
 75,  24,  76,  99,   1,  -2,   3, -39, 
 75,  24,  76,  99,   1,  -2,   3, -39, 
 75,  24,  76,  98,   1,  -2,   3, -39, 
 75,  24,  76,  98,   1,  -2,   3, -39, 
 75,  24,  76,  97,   1,  -2,   3, -40, 
 75,  24,  76,  97,   1,  -2,   3, -40, 
 75,  24,  76,  96,   1,  -2,   3, -40, 
 75,  24,  76,  96,   2,  -2,   3, -40, 
 75,  24,  76,  95,   2,  -2,   4, -40, 
 76,  24,  76,  95,   2,  -2,   4, -40, 
 76,  25,  76,  94,   2,  -2,   4, -40, 
 76,  25,  76,  94,   2,  -2,   4, -40, 
 76,  25,  76,  93,   2,  -2,   4, -40, 
 76,  25,  76,  92,   2,  -2,   4, -40, 
 76,  25,  76,  92,   2,  -2,   4, -40, 
 76,  25,  76,  91,   2,  -2,   4, -40, 
 76,  25,  76,  91,   2,  -3,   5, -40, 
 76,  25,  76,  90,   2,  -3,   5, -40, 
 76,  25,  76,  89,   2,  -3,   5, -40, 
 76,  26,  76,  89,   2,  -3,   5, -40, 
 76,  26,  76,  88,   2,  -3,   5, -40, 
 76,  26,  76,  87,   2,  -3,   5, -40, 
 76,  26,  77,  87,   2,  -3,   5, -40, 
 76,  26,  77,  86,   2,  -3,   6, -40, 
 76,  26,  77,  86,   2,  -3,   6, -40, 
 76,  26,  77,  85,   2,  -3,   6, -39, 
 76,  26,  77,  84,   2,  -3,   6, -39, 
 76,  26,  77,  84,   2,  -3,   6, -39, 
 76,  27,  77,  83,   2,  -3,   6, -39, 
 76,  27,  77,  82,   2,  -3,   6, -39, 
 76,  27,  77,  82,   2,  -3,   6, -39, 
 76,  27,  77,  81,   3,  -3,   7, -39, 
 76,  27,  77,  81,   3,  -4,   7, -38, 
 76,  27,  77,  80,   3,  -4,   7, -38, 
 76,  27,  77,  79,   3,  -4,   7, -38, 
 76,  27,  77,  79,   3,  -4,   7, -38, 
 76,  28,  77,  78,   3,  -4,   7, -38, 
 76,  28,  77,  77,   3,  -4,   7, -37, 
 76,  28,  77,  77,   3,  -4,   8, -37, 
 76,  28,  77,  76,   3,  -4,   8, -37, 
 76,  28,  77,  76,   3,  -4,   8, -37, 
 76,  28,  77,  75,   3,  -4,   8, -36, 
 76,  28,  77,  74,   3,  -4,   8, -36, 
 76,  28,  77,  74,   3,  -4,   8, -36, 
 76,  28,  77,  73,   3,  -4,   8, -35, 
 76,  29,  77,  73,   3,  -4,   9, -35, 
 76,  29,  77,  72,   3,  -4,   9, -35, 
 76,  29,  77,  72,   3,  -5,   9, -35, 
 76,  29,  77,  71,   3,  -5,   9, -34, 
 76,  29,  77,  70,   3,  -5,   9, -34, 
 76,  29,  77,  70,   3,  -5,   9, -34, 
 76,  29,  77,  69,   3,  -5,   9, -33, 
 76,  29,  77,  69,   3,  -5,  10, -33, 
 76,  30,  77,  68,   3,  -5,  10, -33, 
 76,  30,  77,  68,   3,  -5,  10, -32, 
 76,  30,  77,  67,   3,  -5,  10, -32, 
 76,  30,  77,  67,   3,  -5,  10, -32, 
 76,  30,  77,  66,   3,  -5,  10, -31, 
 76,  30,  77,  66,   3,  -5,  11, -31, 
 76,  30,  77,  65,   3,  -5,  11, -30, 
 76,  31,  77,  65,   3,  -5,  11, -30, 
 76,  31,  77,  64,   3,  -5,  11, -30, 
 76,  31,  77,  64,   3,  -6,  11, -29, 
 76,  31,  77,  63,   3,  -6,  11, -29, 
 76,  31,  77,  63,   3,  -6,  11, -28, 
 76,  31,  77,  62,   3,  -6,  12, -28, 
 76,  31,  77,  62,   3,  -6,  12, -28, 
 76,  31,  77,  61,   4,  -6,  12, -27, 
 76,  32,  77,  61,   4,  -6,  12, -27, 
 76,  32,  77,  61,   4,  -6,  12, -26, 
 76,  32,  77,  60,   4,  -6,  12, -26, 
 76,  32,  77,  60,   4,  -6,  12, -26, 
 76,  32,  77,  59,   4,  -6,  13, -25, 
 76,  32,  77,  59,   4,  -6,  13, -25, 
 76,  32,  77,  58,   4,  -6,  13, -24, 
 76,  33,  77,  58,   4,  -6,  13, -24, 
 76,  33,  77,  58,   4,  -6,  13, -23, 
 76,  33,  77,  57,   4,  -6,  13, -23, 
 76,  33,  77,  57,   4,  -7,  14, -22, 
 76,  33,  77,  56,   4,  -7,  14, -22, 
 76,  33,  77,  56,   4,  -7,  14, -22, 
 76,  33,  77,  56,   4,  -7,  14, -21, 
 76,  33,  77,  55,   4,  -7,  14, -21, 
 76,  34,  77,  55,   4,  -7,  14, -20, 
 76,  34,  77,  55,   4,  -7,  15, -20, 
 76,  34,  77,  54,   4,  -7,  15, -19, 
 76,  34,  77,  54,   4,  -7,  15, -19, 
 76,  34,  77,  54,   4,  -7,  15, -18, 
 76,  34,  77,  53,   4,  -7,  15, -18, 
 76,  34,  77,  53,   4,  -7,  15, -17, 
 76,  35,  77,  53,   4,  -7,  15, -17, 
 76,  35,  77,  52,   4,  -7,  16, -16, 
 76,  35,  77,  52,   4,  -7,  16, -16, 
 76,  35,  77,  52,   4,  -7,  16, -15, 
 76,  35,  77,  52,   4,  -7,  16, -15, 
 76,  35,  77,  51,   4,  -8,  16, -14, 
 76,  35,  77,  51,   4,  -8,  16, -14, 
 76,  36,  77,  51,   4,  -8,  17, -13, 
 76,  36,  77,  50,   4,  -8,  17, -13, 
 76,  36,  77,  50,   4,  -8,  17, -13, 
 76,  36,  77,  50,   4,  -8,  17, -12, 
 76,  36,  77,  50,   4,  -8,  17, -12, 
 76,  36,  77,  50,   4,  -8,  17, -12, 
 76,  36,  77,  50,   4,  -8,  18, -12, 
 76,  37,  77,  50,   4,  -8,  18, -12, 
 76,  37,  77,  50,   3,  -8,  18, -12, 
 77,  37,  77,  50,   3,  -8,  18, -12, 
 77,  37,  77,  50,   3,  -8,  18, -12, 
 77,  37,  77,  50,   3,  -8,  18, -12, 
 77,  37,  77,  50,   3,  -8,  18, -12, 
 77,  37,  77,  50,   3,  -8,  19, -12, 
 77,  38,  77,  50,   3,  -8,  19, -12, 
 77,  38,  77,  50,   2,  -9,  19, -12, 
 77,  38,  77,  50,   2,  -9,  19, -12, 
 77,  38,  77,  50,   2,  -9,  19, -12, 
 77,  38,  77,  50,   2,  -9,  19, -12, 
 77,  38,  77,  50,   2,  -9,  20, -12, 
 77,  38,  77,  50,   2,  -9,  20, -12, 
 77,  39,  77,  50,   2,  -9,  20, -12, 
 77,  39,  77,  50,   1,  -9,  20, -12, 
 77,  39,  77,  50,   1,  -9,  20, -12, 
 77,  39,  77,  50,   1,  -9,  20, -12, 
 78,  39,  77,  50,   1,  -9,  21, -12, 
 78,  39,  77,  50,   1,  -9,  21, -12, 
 78,  40,  77,  50,   0,  -9,  21, -12, 
 78,  40,  77,  50,   0,  -9,  21, -12, 
 78,  40,  77,  50,   0,  -9,  21, -12, 
 78,  40,  77,  50,   0,  -9,  21, -12, 
 78,  40,  77,  50,   0,  -9,  22, -12, 
 78,  40,  76,  50,  -1,  -9,  22, -12, 
 78,  40,  76,  50,  -1,  -9,  22, -12, 
 78,  41,  76,  50,  -1,  -9,  22, -12, 
 78,  41,  76,  50,  -1, -10,  22, -12, 
 78,  41,  76,  50,  -2, -10,  22, -12, 
 78,  41,  76,  50,  -2, -10,  23, -12, 
 78,  41,  76,  50,  -2, -10,  23, -12, 
 78,  41,  76,  50,  -2, -10,  23, -12, 
 78,  41,  76,  50,  -2, -10,  23, -12, 
 78,  42,  76,  50,  -3, -10,  23, -12, 
 78,  42,  76,  50,  -3, -10,  23, -12, 
 78,  42,  76,  50,  -3, -10,  24, -12, 
 78,  42,  76,  50,  -3, -10,  24, -12, 
 78,  42,  76,  50,  -4, -10,  24, -12, 
 78,  42,  76,  50,  -4, -10,  24, -12, 
 78,  43,  76,  50,  -4, -10,  24, -12, 
 78,  43,  76,  50,  -4, -10,  24, -12, 
 78,  43,  76,  50,  -5, -10,  25, -12, 
 78,  43,  76,  50,  -5, -10,  25, -12, 
 78,  43,  76,  50,  -5, -10,  25, -12, 
 78,  43,  76,  50,  -5, -10,  25, -12, 
 78,  43,  76,  50,  -6, -10,  25, -12, 
 78,  44,  76,  50,  -6, -10,  25, -12, 
 78,  44,  76,  51,  -6, -10,  26, -12, 
 78,  44,  76,  51,  -6, -10,  26, -12, 
 78,  44,  76,  51,  -7, -10,  26, -12, 
 78,  44,  76,  51,  -7, -10,  26, -12, 
 77,  44,  76,  51,  -7, -11,  26, -12, 
 77,  44,  76,  51,  -8, -11,  26, -12, 
 77,  45,  76,  51,  -8, -11,  27, -12, 
 77,  45,  76,  51,  -8, -11,  27, -12, 
 77,  45,  76,  51,  -8, -11,  27, -12, 
 77,  45,  76,  51,  -9, -11,  27, -12, 
 77,  45,  76,  51,  -9, -11,  27, -12, 
 77,  45,  76,  51,  -9, -11,  27, -12, 
 77,  46,  75,  51,  -9, -11,  28, -12, 
 77,  46,  75,  51, -10, -11,  28, -12, 
 77,  46,  75,  51, -10, -11,  28, -12, 
 76,  46,  75,  51, -10, -11,  28, -12, 
 76,  46,  75,  51, -10, -11,  28, -12, 
 76,  46,  75,  51, -11, -11,  28, -12, 
 76,  46,  75,  51, -11, -11,  28, -12, 
 76,  47,  75,  51, -11, -11,  29, -12, 
 76,  47,  75,  51, -11, -11,  29, -12, 
 76,  47,  75,  51, -12, -11,  29, -12, 
 75,  47,  75,  51, -12, -11,  29, -12, 
 75,  47,  75,  51, -12, -11,  29, -12, 
 75,  47,  75,  51, -12, -11,  29, -12, 
 75,  47,  75,  51, -13, -11,  30, -12, 
 75,  48,  75,  52, -13, -11,  30, -12, 
 75,  48,  75,  52, -13, -11,  30, -12, 
 74,  48,  75,  52, -13, -11,  30, -12, 
 74,  48,  75,  52, -14, -11,  30, -12, 
 74,  48,  75,  52, -14, -11,  30, -12, 
 74,  48,  75,  52, -14, -11,  31, -12, 
 74,  49,  75,  52, -14, -11,  31, -12, 
 73,  49,  75,  52, -15, -11,  31, -12, 
 73,  49,  75,  52, -15, -11,  31, -12, 
 73,  49,  75,  52, -15, -11,  31, -12, 
 73,  49,  75,  52, -15, -11,  31, -12, 
 72,  49,  75,  52, -15, -11,  32, -12, 
 72,  49,  75,  52, -16, -12,  32, -12, 
 72,  50,  75,  52, -16, -12,  32, -12, 
 72,  50,  74,  52, -16, -12,  32, -12, 
 71,  50,  74,  52, -16, -12,  32, -12, 
 71,  50,  74,  52, -16, -12,  32, -12, 
 71,  50,  74,  52, -17, -12,  32, -12, 
 71,  50,  74,  52, -17, -12,  33, -12, 
 70,  50,  74,  52, -17, -12,  33, -12, 
 70,  51,  74,  53, -17, -12,  33, -12, 
 70,  51,  74,  53, -17, -12,  33, -12, 
 69,  51,  74,  53, -17, -12,  33, -12, 
 69,  51,  74,  53, -18, -12,  33, -12, 
 69,  51,  74,  53, -18, -12,  34, -12, 
 68,  51,  74,  53, -18, -12,  34, -12, 
 68,  51,  74,  53, -18, -12,  34, -12, 
 68,  52,  74,  53, -18, -12,  34, -12, 
 67,  52,  74,  53, -18, -12,  34, -12, 
 67,  52,  74,  53, -18, -12,  34, -12, 
 67,  52,  74,  53, -18, -12,  34, -12, 
 66,  52,  74,  53, -19, -12,  35, -12, 
 66,  52,  74,  53, -19, -12,  35, -12, 
 65,  53,  74,  53, -19, -12,  35, -12, 
 65,  53,  74,  53, -19, -12,  35, -12, 
 65,  53,  74,  53, -19, -12,  35, -12, 
 64,  53,  74,  54, -19, -12,  35, -12, 
 64,  53,  74,  54, -19, -12,  35, -12, 
 63,  53,  74,  54, -19, -12,  36, -12, 
 63,  53,  73,  54, -19, -12,  36, -12, 
 63,  54,  73,  54, -19, -12,  36, -12, 
 62,  54,  73,  54, -19, -12,  36, -12, 
 62,  54,  73,  54, -19, -12,  36, -12, 
 61,  54,  73,  54, -19, -12,  36, -12, 
 61,  54,  73,  54, -19, -12,  36, -12, 
 60,  54,  73,  54, -19, -12,  37, -12, 
 60,  54,  73,  54, -19, -12,  37, -12, 
 59,  55,  73,  54, -19, -12,  37, -12, 
 59,  55,  73,  54, -19, -12,  37, -12, 
 59,  55,  73,  54, -19, -12,  37, -12, 
 58,  55,  73,  54, -19, -12,  37, -12, 
 58,  55,  73,  55, -19, -12,  37, -12, 
 57,  55,  73,  55, -19, -12,  38, -12, 
 57,  55,  73,  55, -19, -12,  38, -12, 
 56,  55,  73,  55, -19, -12,  38, -12, 
 56,  56,  73,  55, -19, -12,  38, -12, 
 55,  56,  73,  55, -19, -12,  38, -12, 
 55,  56,  73,  55, -19, -12,  38, -12, 
 54,  56,  73,  55, -19, -12,  38, -12, 
 54,  56,  73,  55, -19, -12,  39, -12, 
 53,  56,  73,  55, -19, -12,  39, -12, 
 53,  56,  73,  55, -19, -12,  39, -12, 
 52,  57,  73,  55, -19, -12,  39, -12, 
 52,  57,  73,  55, -19, -12,  39, -12, 
 51,  57,  72,  56, -19, -12,  39, -12, 
 51,  57,  72,  56, -19, -12,  39, -12, 
 50,  57,  72,  56, -18, -12,  40, -12, 
 50,  57,  72,  56, -18, -12,  40, -12, 
 49,  57,  72,  56, -18, -12,  40, -12, 
 49,  58,  72,  56, -18, -12,  40, -12, 
 48,  58,  72,  56, -18, -12,  40, -12, 
 48,  58,  72,  56, -18, -12,  40, -12, 
 47,  58,  72,  56, -18, -12,  40, -12, 
 47,  58,  72,  56, -18, -12,  40, -12, 
 46,  58,  72,  56, -17, -12,  41, -12, 
 46,  58,  72,  56, -17, -12,  41, -12, 
 45,  58,  72,  56, -17, -12,  41, -12, 
 45,  59,  72,  57, -17, -12,  41, -12, 
 44,  59,  72,  57, -17, -12,  41, -12, 
 44,  59,  72,  57, -17, -12,  41, -12, 
 43,  59,  72,  57, -16, -12,  41, -12, 
 43,  59,  72,  57, -16, -12,  41, -12, 
 42,  59,  72,  57, -16, -12,  41, -12, 
 42,  59,  72,  57, -16, -12,  42, -12, 
 41,  59,  72,  57, -16, -12,  42, -12, 
 41,  60,  72,  57, -15, -11,  42, -12, 
 40,  60,  72,  57, -15, -11,  42, -12, 
 40,  60,  72,  57, -15, -11,  42, -12, 
 39,  60,  72,  57, -15, -11,  42, -12, 
 39,  60,  72,  58, -15, -11,  42, -12, 
 38,  60,  72,  58, -14, -11,  42, -12, 
 38,  60,  71,  58, -14, -11,  42, -12, 
 38,  60,  71,  58, -14, -11,  43, -12, 
 37,  61,  71,  58, -14, -11,  43, -12, 
 37,  61,  71,  58, -13, -11,  43, -12, 
 36,  61,  71,  58, -13, -11,  43, -12, 
 36,  61,  71,  58, -13, -11,  43, -12, 
 35,  61,  71,  58, -13, -11,  43, -12, 
 35,  61,  71,  58, -12, -11,  43, -12, 
 34,  61,  71,  58, -12, -11,  43, -12, 
 34,  61,  71,  59, -12, -11,  43, -12, 
 33,  62,  71,  59, -12, -11,  43, -12, 
 33,  62,  71,  59, -11, -11,  44, -12, 
 33,  62,  71,  59, -11, -11,  44, -12, 
 32,  62,  71,  59, -11, -11,  44, -12, 
 32,  62,  71,  59, -11, -11,  44, -12, 
 31,  62,  71,  59, -10, -11,  44, -12, 
 31,  62,  71,  59, -10, -11,  44, -12, 
 31,  62,  71,  59, -10, -11,  44, -12, 
 30,  62,  71,  59, -10, -11,  44, -12, 
 30,  63,  71,  59,  -9, -11,  44, -12, 
 29,  63,  71,  59,  -9, -11,  44, -11, 
 29,  63,  71,  60,  -9, -11,  44, -11, 
 29,  63,  71,  60,  -9, -11,  45, -11, 
 28,  63,  71,  60,  -8, -11,  45, -11, 
 28,  63,  71,  60,  -8, -11,  45, -11, 
 27,  63,  71,  60,  -8, -11,  45, -11, 
 27,  63,  71,  60,  -8, -11,  45, -11, 
 27,  63,  71,  60,  -7, -11,  45, -11, 
 26,  64,  71,  60,  -7, -10,  45, -11, 
 26,  64,  71,  60,  -7, -10,  45, -11, 
 26,  64,  71,  60,  -6, -10,  45, -11, 
 25,  64,  71,  60,  -6, -10,  45, -11, 
 25,  64,  71,  61,  -6, -10,  45, -11, 
 25,  64,  70,  61,  -6, -10,  45, -11, 
 24,  64,  70,  61,  -5, -10,  45, -11, 
 24,  64,  70,  61,  -5, -10,  46, -11, 
 24,  64,  70,  61,  -5, -10,  46, -11, 
 23,  65,  70,  61,  -5, -10,  46, -11, 
 23,  65,  70,  61,  -4, -10,  46, -11, 
 23,  65,  70,  61,  -4, -10,  46, -11, 
 22,  65,  70,  61,  -4, -10,  46, -11, 
 22,  65,  70,  61,  -4, -10,  46, -11, 
 22,  65,  70,  62,  -3, -10,  46, -11, 
 22,  65,  70,  62,  -3, -10,  46, -11, 
 21,  65,  70,  62,  -3, -10,  46, -11, 
 21,  65,  70,  62,  -3, -10,  46, -11, 
 21,  65,  70,  62,  -2, -10,  46, -11, 
 21,  66,  70,  62,  -2, -10,  46, -11, 
 20,  66,  70,  62,  -2, -10,  46, -11, 
 20,  66,  70,  62,  -2, -10,  46, -11, 
 20,  66,  70,  62,  -2, -10,  46, -11, 
 20,  66,  70,  62,  -1, -10,  46, -11, 
 19,  66,  70,  62,  -1,  -9,  47, -11, 
 19,  66,  70,  63,  -1,  -9,  47, -11, 
 19,  66,  70,  63,  -1,  -9,  47, -11, 
 19,  66,  70,  63,   0,  -9,  47, -11, 
 19,  66,  70,  63,   0,  -9,  47, -11, 
 18,  67,  70,  63,   0,  -9,  47, -11, 
 18,  67,  70,  63,   0,  -9,  47, -11, 
 18,  67,  70,  63,   0,  -9,  47, -11, 
 18,  67,  70,  63,   1,  -9,  47, -11, 
 18,  67,  70,  63,   1,  -9,  47, -11, 
 17,  67,  70,  63,   1,  -9,  47, -11, 
 17,  67,  70,  63,   1,  -9,  47, -11, 
 17,  67,  70,  64,   1,  -9,  47, -10, 
 17,  67,  70,  64,   2,  -9,  47, -10, 
 17,  67,  70,  64,   2,  -9,  47, -10, 
 17,  67,  70,  64,   2,  -9,  47, -10, 
 17,  68,  70,  64,   2,  -9,  47, -10, 
 17,  68,  70,  64,   2,  -9,  47, -10, 
 16,  68,  70,  64,   2,  -9,  47, -10, 
 16,  68,  70,  64,   2,  -9,  47, -10, 
 16,  68,  70,  64,   3,  -8,  47, -10, 
 16,  68,  70,  64,   3,  -8,  47, -10, 
 16,  68,  70,  65,   3,  -8,  47, -10, 
 16,  68,  70,  65,   3,  -8,  47, -10, 
 16,  68,  70,  65,   3,  -8,  47, -10, 
 16,  68,  70,  65,   3,  -8,  47, -10, 
 16,  68,  70,  65,   3,  -8,  47, -10, 
 16,  68,  70,  65,   4,  -8,  47, -10, 
 16,  69,  70,  65,   4,  -8,  47, -10, 
 16,  69,  70,  65,   4,  -8,  47, -10, 
 16,  69,  70,  65,   4,  -8,  47, -10, 
 16,  69,  70,  65,   4,  -8,  46, -10, 
 16,  69,  71,  65,   4,  -8,  46, -10, 
 16,  69,  71,  66,   4,  -8,  45, -10, 
 16,  69,  72,  66,   4,  -8,  44, -10, 
 16,  69,  72,  66,   4,  -8,  44, -10, 
 16,  69,  73,  66,   4,  -8,  43, -10, 
 16,  69,  74,  66,   4,  -7,  42, -10, 
 16,  69,  74,  66,   4,  -7,  42,  -9, 
 16,  69,  75,  66,   4,  -7,  41,  -9, 
 16,  69,  75,  66,   4,  -7,  40,  -9, 
 16,  70,  76,  66,   4,  -7,  39,  -9, 
 16,  70,  76,  66,   4,  -7,  39,  -9, 
 16,  70,  77,  66,   4,  -7,  38,  -9, 
 16,  70,  77,  67,   4,  -7,  37,  -9, 
 16,  70,  78,  67,   4,  -7,  37,  -9, 
 16,  70,  78,  67,   4,  -7,  36,  -9, 
 16,  70,  79,  67,   4,  -7,  35,  -9, 
 16,  70,  79,  67,   4,  -7,  34,  -9, 
 16,  70,  80,  67,   4,  -7,  34,  -9, 
 16,  70,  80,  67,   4,  -7,  33,  -9, 
 16,  70,  81,  67,   4,  -7,  32,  -9, 
 16,  70,  81,  67,   4,  -7,  32,  -9, 
 16,  70,  82,  67,   4,  -7,  31,  -9, 
 16,  70,  82,  67,   4,  -6,  30,  -9, 
 16,  70,  82,  68,   4,  -6,  29,  -9, 
 16,  71,  83,  68,   4,  -6,  29,  -9, 
 16,  71,  83,  68,   4,  -6,  28,  -9, 
 16,  71,  84,  68,   4,  -6,  27,  -8, 
 16,  71,  84,  68,   4,  -6,  27,  -8, 
 16,  71,  85,  68,   4,  -6,  26,  -8, 
 16,  71,  85,  68,   4,  -6,  25,  -8, 
 16,  71,  86,  68,   4,  -6,  25,  -8, 
 16,  71,  86,  68,   4,  -6,  24,  -8, 
 16,  71,  87,  68,   4,  -6,  23,  -8, 
 16,  71,  87,  68,   3,  -6,  22,  -8, 
 16,  71,  88,  69,   3,  -6,  22,  -8, 
 16,  71,  88,  69,   3,  -6,  21,  -8, 
 16,  71,  89,  69,   3,  -6,  20,  -8, 
 16,  71,  89,  69,   3,  -6,  20,  -8, 
 16,  71,  89,  69,   3,  -5,  19,  -8, 
 16,  71,  90,  69,   3,  -5,  18,  -8, 
 16,  72,  90,  69,   3,  -5,  17,  -8, 
 16,  72,  91,  69,   3,  -5,  17,  -8, 
 16,  72,  91,  69,   3,  -5,  16,  -8, 
 16,  72,  92,  69,   3,  -5,  15,  -7, 
 16,  72,  92,  69,   3,  -5,  15,  -7, 
 16,  72,  92,  69,   3,  -5,  14,  -7, 
 16,  72,  93,  70,   3,  -5,  13,  -7, 
 17,  72,  93,  70,   3,  -5,  13,  -7, 
 17,  72,  94,  70,   3,  -5,  12,  -7, 
 17,  72,  94,  70,   3,  -5,  11,  -7, 
 17,  72,  94,  70,   3,  -5,  11,  -7, 
 17,  72,  95,  70,   3,  -5,  10,  -7, 
 17,  72,  95,  70,   3,  -5,   9,  -7, 
 17,  72,  96,  70,   3,  -4,   8,  -7, 
 17,  72,  96,  70,   3,  -4,   8,  -7, 
 17,  72,  96,  70,   3,  -4,   7,  -7, 
 17,  72,  97,  70,   3,  -4,   6,  -7, 
 17,  72,  97,  70,   3,  -4,   6,  -6, 
 17,  73,  98,  71,   3,  -4,   5,  -6, 
 17,  73,  98,  71,   3,  -4,   4,  -6, 
 17,  73,  98,  71,   3,  -4,   4,  -6, 
 17,  73,  99,  71,   3,  -4,   3,  -6, 
 17,  73,  99,  71,   3,  -4,   2,  -6, 
 17,  73,  99,  71,   3,  -4,   2,  -6, 
 17,  73, 100,  71,   3,  -4,   1,  -6, 
 17,  73, 100,  71,   3,  -4,   0,  -6, 
 17,  73, 100,  71,   3,  -4,   0,  -6, 
 17,  73, 101,  71,   3,  -4,  -1,  -6, 
 17,  73, 101,  71,   3,  -3,  -2,  -6, 
 17,  73, 101,  71,   2,  -3,  -2,  -6, 
 18,  73, 102,  71,   2,  -3,  -3,  -5, 
 18,  73, 102,  71,   2,  -3,  -4,  -5, 
 18,  73, 102,  72,   2,  -3,  -4,  -5, 
 18,  73, 103,  72,   2,  -3,  -5,  -5, 
 18,  73, 103,  72,   2,  -3,  -6,  -5, 
 18,  73, 103,  72,   2,  -3,  -6,  -5, 
 18,  73, 103,  72,   2,  -3,  -7,  -5, 
 18,  73, 104,  72,   2,  -3,  -7,  -5, 
 18,  73, 104,  72,   2,  -3,  -8,  -5, 
 18,  73, 104,  72,   2,  -3,  -9,  -5, 
 18,  73, 104,  72,   2,  -3,  -9,  -5, 
 18,  74, 105,  72,   2,  -3, -10,  -5, 
 18,  74, 105,  72,   2,  -3, -11,  -4, 
 18,  74, 105,  72,   2,  -3, -11,  -4, 
 18,  74, 105,  72,   2,  -2, -12,  -4, 
 18,  74, 106,  72,   2,  -2, -12,  -4, 
 18,  74, 106,  73,   2,  -2, -13,  -4, 
 19,  74, 106,  73,   2,  -2, -14,  -4, 
 19,  74, 106,  73,   2,  -2, -14,  -4, 
 19,  74, 106,  73,   2,  -2, -15,  -4, 
 19,  74, 107,  73,   2,  -2, -15,  -4, 
 19,  74, 107,  73,   2,  -2, -16,  -4, 
 19,  74, 107,  73,   2,  -2, -17,  -4, 
 19,  74, 107,  73,   1,  -2, -17,  -3, 
 19,  74, 107,  73,   1,  -2, -18,  -3, 
 19,  74, 107,  73,   1,  -2, -18,  -3, 
 19,  74, 108,  73,   1,  -2, -19,  -3, 
 19,  74, 108,  73,   1,  -2, -20,  -3, 
 19,  74, 108,  73,   1,  -2, -20,  -3, 
 19,  74, 108,  73,   1,  -2, -21,  -3, 
 19,  74, 108,  73,   1,  -1, -21,  -3, 
 19,  74, 108,  74,   1,  -1, -22,  -3, 
 20,  74, 108,  74,   1,  -1, -22,  -3, 
 20,  74, 108,  74,   1,  -1, -23,  -2, 
 20,  74, 108,  74,   1,  -1, -23,  -2, 
 20,  74, 108,  74,   1,  -1, -24,  -2, 
 20,  74, 108,  74,   1,  -1, -24,  -2, 
 20,  74, 108,  74,   1,  -1, -25,  -2, 
 20,  74, 108,  74,   1,  -1, -25,  -2, 
 20,  74, 108,  74,   1,  -1, -26,  -2, 
 20,  75, 108,  74,   1,  -1, -26,  -2, 
 20,  75, 108,  74,   1,  -1, -27,  -2, 
 20,  75, 108,  74,   1,  -1, -27,  -2, 
 20,  75, 108,  74,   0,  -1, -28,  -1, 
 20,  75, 108,  74,   0,  -1, -28,  -1, 
 21,  75, 108,  74,   0,  -1, -29,  -1, 
 21,  75, 108,  74,   0,   0, -29,  -1, 
 21,  75, 108,  74,   0,   0, -30,  -1, 
 21,  75, 108,  74,   0,   0, -30,  -1, 
 21,  75, 108,  75,   0,   0, -31,  -1, 
 21,  75, 108,  75,   0,   0, -31,  -1, 
 21,  75, 107,  75,   0,   0, -31,  -1, 
 21,  75, 107,  75,   0,   0, -32,   0, 
 21,  75, 107,  75,   0,   0, -32,   0, 
 21,  75, 107,  75,   0,   0, -33,   0, 
 21,  75, 107,  75,   0,   0, -33,   0, 
 22,  75, 107,  75,   0,   0, -33,   0, 
 22,  75, 106,  75,   0,   0, -34,   0, 
 22,  75, 106,  75,   0,   0, -34,   0, 
 22,  75, 106,  75,   0,   0, -34,   0, 
 22,  75, 106,  75,   0,   0, -35,   0, 
 22,  75, 105,  75,  -1,   0, -35,   1, 
 22,  75, 105,  75,  -1,   0, -35,   1, 
 22,  75, 105,  75,  -1,   0, -36,   1, 
 22,  75, 104,  75,  -1,   1, -36,   1, 
 22,  75, 104,  75,  -1,   1, -36,   1, 
 22,  75, 104,  75,  -1,   1, -37,   1, 
 23,  75, 103,  75,  -1,   1, -37,   1, 
 23,  75, 103,  75,  -1,   1, -37,   1, 
 23,  75, 103,  75,  -1,   1, -37,   2, 
 23,  75, 102,  76,  -1,   1, -38,   2, 
 23,  75, 102,  76,  -1,   1, -38,   2, 
 23,  75, 102,  76,  -1,   1, -38,   2, 
 23,  75, 101,  76,  -1,   1, -38,   2, 
 23,  75, 101,  76,  -1,   1, -39,   2, 
 23,  75, 100,  76,  -1,   1, -39,   2, 
 23,  75, 100,  76,  -1,   1, -39,   2, 
 24,  75,  99,  76,  -2,   1, -39,   3, 
 24,  75,  99,  76,  -2,   1, -39,   3, 
 24,  75,  98,  76,  -2,   1, -39,   3, 
 24,  75,  98,  76,  -2,   1, -39,   3, 
 24,  75,  97,  76,  -2,   1, -40,   3, 
 24,  75,  97,  76,  -2,   1, -40,   3, 
 24,  75,  96,  76,  -2,   1, -40,   3, 
 24,  75,  96,  76,  -2,   2, -40,   3, 
 24,  75,  95,  76,  -2,   2, -40,   4, 
 24,  76,  95,  76,  -2,   2, -40,   4, 
 25,  76,  94,  76,  -2,   2, -40,   4, 
 25,  76,  94,  76,  -2,   2, -40,   4, 
 25,  76,  93,  76,  -2,   2, -40,   4, 
 25,  76,  92,  76,  -2,   2, -40,   4, 
 25,  76,  92,  76,  -2,   2, -40,   4, 
 25,  76,  91,  76,  -2,   2, -40,   4, 
 25,  76,  91,  76,  -3,   2, -40,   5, 
 25,  76,  90,  76,  -3,   2, -40,   5, 
 25,  76,  89,  76,  -3,   2, -40,   5, 
 26,  76,  89,  76,  -3,   2, -40,   5, 
 26,  76,  88,  76,  -3,   2, -40,   5, 
 26,  76,  87,  76,  -3,   2, -40,   5, 
 26,  76,  87,  77,  -3,   2, -40,   5, 
 26,  76,  86,  77,  -3,   2, -40,   6, 
 26,  76,  86,  77,  -3,   2, -40,   6, 
 26,  76,  85,  77,  -3,   2, -39,   6, 
 26,  76,  84,  77,  -3,   2, -39,   6, 
 26,  76,  84,  77,  -3,   2, -39,   6, 
 27,  76,  83,  77,  -3,   2, -39,   6, 
 27,  76,  82,  77,  -3,   2, -39,   6, 
 27,  76,  82,  77,  -3,   2, -39,   6, 
 27,  76,  81,  77,  -3,   3, -39,   7, 
 27,  76,  81,  77,  -4,   3, -38,   7, 
 27,  76,  80,  77,  -4,   3, -38,   7, 
 27,  76,  79,  77,  -4,   3, -38,   7, 
 27,  76,  79,  77,  -4,   3, -38,   7, 
 28,  76,  78,  77,  -4,   3, -38,   7, 
 28,  76,  77,  77,  -4,   3, -37,   7, 
 28,  76,  77,  77,  -4,   3, -37,   8, 
 28,  76,  76,  77,  -4,   3, -37,   8, 
 28,  76,  76,  77,  -4,   3, -37,   8, 
 28,  76,  75,  77,  -4,   3, -36,   8, 
 28,  76,  74,  77,  -4,   3, -36,   8, 
 28,  76,  74,  77,  -4,   3, -36,   8, 
 28,  76,  73,  77,  -4,   3, -35,   8, 
 29,  76,  73,  77,  -4,   3, -35,   9, 
 29,  76,  72,  77,  -4,   3, -35,   9, 
 29,  76,  72,  77,  -5,   3, -35,   9, 
 29,  76,  71,  77,  -5,   3, -34,   9, 
 29,  76,  70,  77,  -5,   3, -34,   9, 
 29,  76,  70,  77,  -5,   3, -34,   9, 
 29,  76,  69,  77,  -5,   3, -33,   9, 
 29,  76,  69,  77,  -5,   3, -33,  10, 
 30,  76,  68,  77,  -5,   3, -33,  10, 
 30,  76,  68,  77,  -5,   3, -32,  10, 
 30,  76,  67,  77,  -5,   3, -32,  10, 
 30,  76,  67,  77,  -5,   3, -32,  10, 
 30,  76,  66,  77,  -5,   3, -31,  10, 
 30,  76,  66,  77,  -5,   3, -31,  11, 
 30,  76,  65,  77,  -5,   3, -30,  11, 
 31,  76,  65,  77,  -5,   3, -30,  11, 
 31,  76,  64,  77,  -5,   3, -30,  11, 
 31,  76,  64,  77,  -6,   3, -29,  11, 
 31,  76,  63,  77,  -6,   3, -29,  11, 
 31,  76,  63,  77,  -6,   3, -28,  11, 
 31,  76,  62,  77,  -6,   3, -28,  12, 
 31,  76,  62,  77,  -6,   3, -28,  12, 
 31,  76,  61,  77,  -6,   4, -27,  12, 
 32,  76,  61,  77,  -6,   4, -27,  12, 
 32,  76,  61,  77,  -6,   4, -26,  12, 
 32,  76,  60,  77,  -6,   4, -26,  12, 
 32,  76,  60,  77,  -6,   4, -26,  12, 
 32,  76,  59,  77,  -6,   4, -25,  13, 
 32,  76,  59,  77,  -6,   4, -25,  13, 
 32,  76,  58,  77,  -6,   4, -24,  13, 
 33,  76,  58,  77,  -6,   4, -24,  13, 
 33,  76,  58,  77,  -6,   4, -23,  13, 
 33,  76,  57,  77,  -6,   4, -23,  13, 
 33,  76,  57,  77,  -7,   4, -22,  14, 
 33,  76,  56,  77,  -7,   4, -22,  14, 
 33,  76,  56,  77,  -7,   4, -22,  14, 
 33,  76,  56,  77,  -7,   4, -21,  14, 
 33,  76,  55,  77,  -7,   4, -21,  14, 
 34,  76,  55,  77,  -7,   4, -20,  14, 
 34,  76,  55,  77,  -7,   4, -20,  15, 
 34,  76,  54,  77,  -7,   4, -19,  15, 
 34,  76,  54,  77,  -7,   4, -19,  15, 
 34,  76,  54,  77,  -7,   4, -18,  15, 
 34,  76,  53,  77,  -7,   4, -18,  15, 
 34,  76,  53,  77,  -7,   4, -17,  15, 
 35,  76,  53,  77,  -7,   4, -17,  15, 
 35,  76,  52,  77,  -7,   4, -16,  16, 
 35,  76,  52,  77,  -7,   4, -16,  16, 
 35,  76,  52,  77,  -7,   4, -15,  16, 
 35,  76,  52,  77,  -7,   4, -15,  16, 
 35,  76,  51,  77,  -8,   4, -14,  16, 
 35,  76,  51,  77,  -8,   4, -14,  16, 
 36,  76,  51,  77,  -8,   4, -13,  17, 
 36,  76,  50,  77,  -8,   4, -13,  17, 
 36,  76,  50,  77,  -8,   4, -13,  17, 
 36,  76,  50,  77,  -8,   4, -12,  17, 
 36,  -8,  76,   4,  50, -12,  77,  17, 
 36,  -8,  76,   4,  50, -12,  77,  17, 
 36,  -8,  76,   4,  50, -12,  77,  18, 
 37,  -8,  76,   4,  50, -12,  77,  18, 
 37,  -8,  76,   3,  50, -12,  77,  18, 
 37,  -8,  77,   3,  50, -12,  77,  18, 
 37,  -8,  77,   3,  50, -12,  77,  18, 
 37,  -8,  77,   3,  50, -12,  77,  18, 
 37,  -8,  77,   3,  50, -12,  77,  18, 
 37,  -8,  77,   3,  50, -12,  77,  19, 
 38,  -8,  77,   3,  50, -12,  77,  19, 
 38,  -9,  77,   2,  50, -12,  77,  19, 
 38,  -9,  77,   2,  50, -12,  77,  19, 
 38,  -9,  77,   2,  50, -12,  77,  19, 
 38,  -9,  77,   2,  50, -12,  77,  19, 
 38,  -9,  77,   2,  50, -12,  77,  20, 
 38,  -9,  77,   2,  50, -12,  77,  20, 
 39,  -9,  77,   2,  50, -12,  77,  20, 
 39,  -9,  77,   1,  50, -12,  77,  20, 
 39,  -9,  77,   1,  50, -12,  77,  20, 
 39,  -9,  77,   1,  50, -12,  77,  20, 
 39,  -9,  78,   1,  50, -12,  77,  21, 
 39,  -9,  78,   1,  50, -12,  77,  21, 
 40,  -9,  78,   0,  50, -12,  77,  21, 
 40,  -9,  78,   0,  50, -12,  77,  21, 
 40,  -9,  78,   0,  50, -12,  77,  21, 
 40,  -9,  78,   0,  50, -12,  77,  21, 
 40,  -9,  78,   0,  50, -12,  77,  22, 
 40,  -9,  78,  -1,  50, -12,  76,  22, 
 40,  -9,  78,  -1,  50, -12,  76,  22, 
 41,  -9,  78,  -1,  50, -12,  76,  22, 
 41, -10,  78,  -1,  50, -12,  76,  22, 
 41, -10,  78,  -2,  50, -12,  76,  22, 
 41, -10,  78,  -2,  50, -12,  76,  23, 
 41, -10,  78,  -2,  50, -12,  76,  23, 
 41, -10,  78,  -2,  50, -12,  76,  23, 
 41, -10,  78,  -2,  50, -12,  76,  23, 
 42, -10,  78,  -3,  50, -12,  76,  23, 
 42, -10,  78,  -3,  50, -12,  76,  23, 
 42, -10,  78,  -3,  50, -12,  76,  24, 
 42, -10,  78,  -3,  50, -12,  76,  24, 
 42, -10,  78,  -4,  50, -12,  76,  24, 
 42, -10,  78,  -4,  50, -12,  76,  24, 
 43, -10,  78,  -4,  50, -12,  76,  24, 
 43, -10,  78,  -4,  50, -12,  76,  24, 
 43, -10,  78,  -5,  50, -12,  76,  25, 
 43, -10,  78,  -5,  50, -12,  76,  25, 
 43, -10,  78,  -5,  50, -12,  76,  25, 
 43, -10,  78,  -5,  50, -12,  76,  25, 
 43, -10,  78,  -6,  50, -12,  76,  25, 
 44, -10,  78,  -6,  50, -12,  76,  25, 
 44, -10,  78,  -6,  51, -12,  76,  26, 
 44, -10,  78,  -6,  51, -12,  76,  26, 
 44, -10,  78,  -7,  51, -12,  76,  26, 
 44, -10,  78,  -7,  51, -12,  76,  26, 
 44, -11,  77,  -7,  51, -12,  76,  26, 
 44, -11,  77,  -8,  51, -12,  76,  26, 
 45, -11,  77,  -8,  51, -12,  76,  27, 
 45, -11,  77,  -8,  51, -12,  76,  27, 
 45, -11,  77,  -8,  51, -12,  76,  27, 
 45, -11,  77,  -9,  51, -12,  76,  27, 
 45, -11,  77,  -9,  51, -12,  76,  27, 
 45, -11,  77,  -9,  51, -12,  76,  27, 
 46, -11,  77,  -9,  51, -12,  75,  28, 
 46, -11,  77, -10,  51, -12,  75,  28, 
 46, -11,  77, -10,  51, -12,  75,  28, 
 46, -11,  76, -10,  51, -12,  75,  28, 
 46, -11,  76, -10,  51, -12,  75,  28, 
 46, -11,  76, -11,  51, -12,  75,  28, 
 46, -11,  76, -11,  51, -12,  75,  28, 
 47, -11,  76, -11,  51, -12,  75,  29, 
 47, -11,  76, -11,  51, -12,  75,  29, 
 47, -11,  76, -12,  51, -12,  75,  29, 
 47, -11,  75, -12,  51, -12,  75,  29, 
 47, -11,  75, -12,  51, -12,  75,  29, 
 47, -11,  75, -12,  51, -12,  75,  29, 
 47, -11,  75, -13,  51, -12,  75,  30, 
 48, -11,  75, -13,  52, -12,  75,  30, 
 48, -11,  75, -13,  52, -12,  75,  30, 
 48, -11,  74, -13,  52, -12,  75,  30, 
 48, -11,  74, -14,  52, -12,  75,  30, 
 48, -11,  74, -14,  52, -12,  75,  30, 
 48, -11,  74, -14,  52, -12,  75,  31, 
 49, -11,  74, -14,  52, -12,  75,  31, 
 49, -11,  73, -15,  52, -12,  75,  31, 
 49, -11,  73, -15,  52, -12,  75,  31, 
 49, -11,  73, -15,  52, -12,  75,  31, 
 49, -11,  73, -15,  52, -12,  75,  31, 
 49, -11,  72, -15,  52, -12,  75,  32, 
 49, -12,  72, -16,  52, -12,  75,  32, 
 50, -12,  72, -16,  52, -12,  75,  32, 
 50, -12,  72, -16,  52, -12,  74,  32, 
 50, -12,  71, -16,  52, -12,  74,  32, 
 50, -12,  71, -16,  52, -12,  74,  32, 
 50, -12,  71, -17,  52, -12,  74,  32, 
 50, -12,  71, -17,  52, -12,  74,  33, 
 50, -12,  70, -17,  52, -12,  74,  33, 
 51, -12,  70, -17,  53, -12,  74,  33, 
 51, -12,  70, -17,  53, -12,  74,  33, 
 51, -12,  69, -17,  53, -12,  74,  33, 
 51, -12,  69, -18,  53, -12,  74,  33, 
 51, -12,  69, -18,  53, -12,  74,  34, 
 51, -12,  68, -18,  53, -12,  74,  34, 
 51, -12,  68, -18,  53, -12,  74,  34, 
 52, -12,  68, -18,  53, -12,  74,  34, 
 52, -12,  67, -18,  53, -12,  74,  34, 
 52, -12,  67, -18,  53, -12,  74,  34, 
 52, -12,  67, -18,  53, -12,  74,  34, 
 52, -12,  66, -19,  53, -12,  74,  35, 
 52, -12,  66, -19,  53, -12,  74,  35, 
 53, -12,  65, -19,  53, -12,  74,  35, 
 53, -12,  65, -19,  53, -12,  74,  35, 
 53, -12,  65, -19,  53, -12,  74,  35, 
 53, -12,  64, -19,  54, -12,  74,  35, 
 53, -12,  64, -19,  54, -12,  74,  35, 
 53, -12,  63, -19,  54, -12,  74,  36, 
 53, -12,  63, -19,  54, -12,  73,  36, 
 54, -12,  63, -19,  54, -12,  73,  36, 
 54, -12,  62, -19,  54, -12,  73,  36, 
 54, -12,  62, -19,  54, -12,  73,  36, 
 54, -12,  61, -19,  54, -12,  73,  36, 
 54, -12,  61, -19,  54, -12,  73,  36, 
 54, -12,  60, -19,  54, -12,  73,  37, 
 54, -12,  60, -19,  54, -12,  73,  37, 
 55, -12,  59, -19,  54, -12,  73,  37, 
 55, -12,  59, -19,  54, -12,  73,  37, 
 55, -12,  59, -19,  54, -12,  73,  37, 
 55, -12,  58, -19,  54, -12,  73,  37, 
 55, -12,  58, -19,  55, -12,  73,  37, 
 55, -12,  57, -19,  55, -12,  73,  38, 
 55, -12,  57, -19,  55, -12,  73,  38, 
 55, -12,  56, -19,  55, -12,  73,  38, 
 56, -12,  56, -19,  55, -12,  73,  38, 
 56, -12,  55, -19,  55, -12,  73,  38, 
 56, -12,  55, -19,  55, -12,  73,  38, 
 56, -12,  54, -19,  55, -12,  73,  38, 
 56, -12,  54, -19,  55, -12,  73,  39, 
 56, -12,  53, -19,  55, -12,  73,  39, 
 56, -12,  53, -19,  55, -12,  73,  39, 
 57, -12,  52, -19,  55, -12,  73,  39, 
 57, -12,  52, -19,  55, -12,  73,  39, 
 57, -12,  51, -19,  56, -12,  72,  39, 
 57, -12,  51, -19,  56, -12,  72,  39, 
 57, -12,  50, -18,  56, -12,  72,  40, 
 57, -12,  50, -18,  56, -12,  72,  40, 
 57, -12,  49, -18,  56, -12,  72,  40, 
 58, -12,  49, -18,  56, -12,  72,  40, 
 58, -12,  48, -18,  56, -12,  72,  40, 
 58, -12,  48, -18,  56, -12,  72,  40, 
 58, -12,  47, -18,  56, -12,  72,  40, 
 58, -12,  47, -18,  56, -12,  72,  40, 
 58, -12,  46, -17,  56, -12,  72,  41, 
 58, -12,  46, -17,  56, -12,  72,  41, 
 58, -12,  45, -17,  56, -12,  72,  41, 
 59, -12,  45, -17,  57, -12,  72,  41, 
 59, -12,  44, -17,  57, -12,  72,  41, 
 59, -12,  44, -17,  57, -12,  72,  41, 
 59, -12,  43, -16,  57, -12,  72,  41, 
 59, -12,  43, -16,  57, -12,  72,  41, 
 59, -12,  42, -16,  57, -12,  72,  41, 
 59, -12,  42, -16,  57, -12,  72,  42, 
 59, -12,  41, -16,  57, -12,  72,  42, 
 60, -11,  41, -15,  57, -12,  72,  42, 
 60, -11,  40, -15,  57, -12,  72,  42, 
 60, -11,  40, -15,  57, -12,  72,  42, 
 60, -11,  39, -15,  57, -12,  72,  42, 
 60, -11,  39, -15,  58, -12,  72,  42, 
 60, -11,  38, -14,  58, -12,  72,  42, 
 60, -11,  38, -14,  58, -12,  71,  42, 
 60, -11,  38, -14,  58, -12,  71,  43, 
 61, -11,  37, -14,  58, -12,  71,  43, 
 61, -11,  37, -13,  58, -12,  71,  43, 
 61, -11,  36, -13,  58, -12,  71,  43, 
 61, -11,  36, -13,  58, -12,  71,  43, 
 61, -11,  35, -13,  58, -12,  71,  43, 
 61, -11,  35, -12,  58, -12,  71,  43, 
 61, -11,  34, -12,  58, -12,  71,  43, 
 61, -11,  34, -12,  59, -12,  71,  43, 
 62, -11,  33, -12,  59, -12,  71,  43, 
 62, -11,  33, -11,  59, -12,  71,  44, 
 62, -11,  33, -11,  59, -12,  71,  44, 
 62, -11,  32, -11,  59, -12,  71,  44, 
 62, -11,  32, -11,  59, -12,  71,  44, 
 62, -11,  31, -10,  59, -12,  71,  44, 
 62, -11,  31, -10,  59, -12,  71,  44, 
 62, -11,  31, -10,  59, -12,  71,  44, 
 62, -11,  30, -10,  59, -12,  71,  44, 
 63, -11,  30,  -9,  59, -12,  71,  44, 
 63, -11,  29,  -9,  59, -11,  71,  44, 
 63, -11,  29,  -9,  60, -11,  71,  44, 
 63, -11,  29,  -9,  60, -11,  71,  45, 
 63, -11,  28,  -8,  60, -11,  71,  45, 
 63, -11,  28,  -8,  60, -11,  71,  45, 
 63, -11,  27,  -8,  60, -11,  71,  45, 
 63, -11,  27,  -8,  60, -11,  71,  45, 
 63, -11,  27,  -7,  60, -11,  71,  45, 
 64, -10,  26,  -7,  60, -11,  71,  45, 
 64, -10,  26,  -7,  60, -11,  71,  45, 
 64, -10,  26,  -6,  60, -11,  71,  45, 
 64, -10,  25,  -6,  60, -11,  71,  45, 
 64, -10,  25,  -6,  61, -11,  71,  45, 
 64, -10,  25,  -6,  61, -11,  70,  45, 
 64, -10,  24,  -5,  61, -11,  70,  45, 
 64, -10,  24,  -5,  61, -11,  70,  46, 
 64, -10,  24,  -5,  61, -11,  70,  46, 
 65, -10,  23,  -5,  61, -11,  70,  46, 
 65, -10,  23,  -4,  61, -11,  70,  46, 
 65, -10,  23,  -4,  61, -11,  70,  46, 
 65, -10,  22,  -4,  61, -11,  70,  46, 
 65, -10,  22,  -4,  61, -11,  70,  46, 
 65, -10,  22,  -3,  62, -11,  70,  46, 
 65, -10,  22,  -3,  62, -11,  70,  46, 
 65, -10,  21,  -3,  62, -11,  70,  46, 
 65, -10,  21,  -3,  62, -11,  70,  46, 
 65, -10,  21,  -2,  62, -11,  70,  46, 
 66, -10,  21,  -2,  62, -11,  70,  46, 
 66, -10,  20,  -2,  62, -11,  70,  46, 
 66, -10,  20,  -2,  62, -11,  70,  46, 
 66, -10,  20,  -2,  62, -11,  70,  46, 
 66, -10,  20,  -1,  62, -11,  70,  46, 
 66,  -9,  19,  -1,  62, -11,  70,  47, 
 66,  -9,  19,  -1,  63, -11,  70,  47, 
 66,  -9,  19,  -1,  63, -11,  70,  47, 
 66,  -9,  19,   0,  63, -11,  70,  47, 
 66,  -9,  19,   0,  63, -11,  70,  47, 
 67,  -9,  18,   0,  63, -11,  70,  47, 
 67,  -9,  18,   0,  63, -11,  70,  47, 
 67,  -9,  18,   0,  63, -11,  70,  47, 
 67,  -9,  18,   1,  63, -11,  70,  47, 
 67,  -9,  18,   1,  63, -11,  70,  47, 
 67,  -9,  17,   1,  63, -11,  70,  47, 
 67,  -9,  17,   1,  63, -11,  70,  47, 
 67,  -9,  17,   1,  64, -10,  70,  47, 
 67,  -9,  17,   2,  64, -10,  70,  47, 
 67,  -9,  17,   2,  64, -10,  70,  47, 
 67,  -9,  17,   2,  64, -10,  70,  47, 
 68,  -9,  17,   2,  64, -10,  70,  47, 
 68,  -9,  17,   2,  64, -10,  70,  47, 
 68,  -9,  16,   2,  64, -10,  70,  47, 
 68,  -9,  16,   2,  64, -10,  70,  47, 
 68,  -8,  16,   3,  64, -10,  70,  47, 
 68,  -8,  16,   3,  64, -10,  70,  47, 
 68,  -8,  16,   3,  65, -10,  70,  47, 
 68,  -8,  16,   3,  65, -10,  70,  47, 
 68,  -8,  16,   3,  65, -10,  70,  47, 
 68,  -8,  16,   3,  65, -10,  70,  47, 
 68,  -8,  16,   3,  65, -10,  70,  47, 
 68,  -8,  16,   4,  65, -10,  70,  47, 
 69,  -8,  16,   4,  65, -10,  70,  47, 
 69,  -8,  16,   4,  65, -10,  70,  47, 
 69,  -8,  16,   4,  65, -10,  70,  47, 
 69,  -8,  16,   4,  65, -10,  70,  46, 
 69,  -8,  16,   4,  65, -10,  71,  46, 
 69,  -8,  16,   4,  66, -10,  71,  45, 
 69,  -8,  16,   4,  66, -10,  72,  44, 
 69,  -8,  16,   4,  66, -10,  72,  44, 
 69,  -8,  16,   4,  66, -10,  73,  43, 
 69,  -7,  16,   4,  66, -10,  74,  42, 
 69,  -7,  16,   4,  66,  -9,  74,  42, 
 69,  -7,  16,   4,  66,  -9,  75,  41, 
 69,  -7,  16,   4,  66,  -9,  75,  40, 
 70,  -7,  16,   4,  66,  -9,  76,  39, 
 70,  -7,  16,   4,  66,  -9,  76,  39, 
 70,  -7,  16,   4,  66,  -9,  77,  38, 
 70,  -7,  16,   4,  67,  -9,  77,  37, 
 70,  -7,  16,   4,  67,  -9,  78,  37, 
 70,  -7,  16,   4,  67,  -9,  78,  36, 
 70,  -7,  16,   4,  67,  -9,  79,  35, 
 70,  -7,  16,   4,  67,  -9,  79,  34, 
 70,  -7,  16,   4,  67,  -9,  80,  34, 
 70,  -7,  16,   4,  67,  -9,  80,  33, 
 70,  -7,  16,   4,  67,  -9,  81,  32, 
 70,  -7,  16,   4,  67,  -9,  81,  32, 
 70,  -7,  16,   4,  67,  -9,  82,  31, 
 70,  -6,  16,   4,  67,  -9,  82,  30, 
 70,  -6,  16,   4,  68,  -9,  82,  29, 
 71,  -6,  16,   4,  68,  -9,  83,  29, 
 71,  -6,  16,   4,  68,  -9,  83,  28, 
 71,  -6,  16,   4,  68,  -8,  84,  27, 
 71,  -6,  16,   4,  68,  -8,  84,  27, 
 71,  -6,  16,   4,  68,  -8,  85,  26, 
 71,  -6,  16,   4,  68,  -8,  85,  25, 
 71,  -6,  16,   4,  68,  -8,  86,  25, 
 71,  -6,  16,   4,  68,  -8,  86,  24, 
 71,  -6,  16,   4,  68,  -8,  87,  23, 
 71,  -6,  16,   3,  68,  -8,  87,  22, 
 71,  -6,  16,   3,  69,  -8,  88,  22, 
 71,  -6,  16,   3,  69,  -8,  88,  21, 
 71,  -6,  16,   3,  69,  -8,  89,  20, 
 71,  -6,  16,   3,  69,  -8,  89,  20, 
 71,  -5,  16,   3,  69,  -8,  89,  19, 
 71,  -5,  16,   3,  69,  -8,  90,  18, 
 72,  -5,  16,   3,  69,  -8,  90,  17, 
 72,  -5,  16,   3,  69,  -8,  91,  17, 
 72,  -5,  16,   3,  69,  -8,  91,  16, 
 72,  -5,  16,   3,  69,  -7,  92,  15, 
 72,  -5,  16,   3,  69,  -7,  92,  15, 
 72,  -5,  16,   3,  69,  -7,  92,  14, 
 72,  -5,  16,   3,  70,  -7,  93,  13, 
 72,  -5,  17,   3,  70,  -7,  93,  13, 
 72,  -5,  17,   3,  70,  -7,  94,  12, 
 72,  -5,  17,   3,  70,  -7,  94,  11, 
 72,  -5,  17,   3,  70,  -7,  94,  11, 
 72,  -5,  17,   3,  70,  -7,  95,  10, 
 72,  -5,  17,   3,  70,  -7,  95,   9, 
 72,  -4,  17,   3,  70,  -7,  96,   8, 
 72,  -4,  17,   3,  70,  -7,  96,   8, 
 72,  -4,  17,   3,  70,  -7,  96,   7, 
 72,  -4,  17,   3,  70,  -7,  97,   6, 
 72,  -4,  17,   3,  70,  -6,  97,   6, 
 73,  -4,  17,   3,  71,  -6,  98,   5, 
 73,  -4,  17,   3,  71,  -6,  98,   4, 
 73,  -4,  17,   3,  71,  -6,  98,   4, 
 73,  -4,  17,   3,  71,  -6,  99,   3, 
 73,  -4,  17,   3,  71,  -6,  99,   2, 
 73,  -4,  17,   3,  71,  -6,  99,   2, 
 73,  -4,  17,   3,  71,  -6, 100,   1, 
 73,  -4,  17,   3,  71,  -6, 100,   0, 
 73,  -4,  17,   3,  71,  -6, 100,   0, 
 73,  -4,  17,   3,  71,  -6, 101,  -1, 
 73,  -3,  17,   3,  71,  -6, 101,  -2, 
 73,  -3,  17,   2,  71,  -6, 101,  -2, 
 73,  -3,  18,   2,  71,  -5, 102,  -3, 
 73,  -3,  18,   2,  71,  -5, 102,  -4, 
 73,  -3,  18,   2,  72,  -5, 102,  -4, 
 73,  -3,  18,   2,  72,  -5, 103,  -5, 
 73,  -3,  18,   2,  72,  -5, 103,  -6, 
 73,  -3,  18,   2,  72,  -5, 103,  -6, 
 73,  -3,  18,   2,  72,  -5, 103,  -7, 
 73,  -3,  18,   2,  72,  -5, 104,  -7, 
 73,  -3,  18,   2,  72,  -5, 104,  -8, 
 73,  -3,  18,   2,  72,  -5, 104,  -9, 
 73,  -3,  18,   2,  72,  -5, 104,  -9, 
 74,  -3,  18,   2,  72,  -5, 105, -10, 
 74,  -3,  18,   2,  72,  -4, 105, -11, 
 74,  -3,  18,   2,  72,  -4, 105, -11, 
 74,  -2,  18,   2,  72,  -4, 105, -12, 
 74,  -2,  18,   2,  72,  -4, 106, -12, 
 74,  -2,  18,   2,  73,  -4, 106, -13, 
 74,  -2,  19,   2,  73,  -4, 106, -14, 
 74,  -2,  19,   2,  73,  -4, 106, -14, 
 74,  -2,  19,   2,  73,  -4, 106, -15, 
 74,  -2,  19,   2,  73,  -4, 107, -15, 
 74,  -2,  19,   2,  73,  -4, 107, -16, 
 74,  -2,  19,   2,  73,  -4, 107, -17, 
 74,  -2,  19,   1,  73,  -3, 107, -17, 
 74,  -2,  19,   1,  73,  -3, 107, -18, 
 74,  -2,  19,   1,  73,  -3, 107, -18, 
 74,  -2,  19,   1,  73,  -3, 108, -19, 
 74,  -2,  19,   1,  73,  -3, 108, -20, 
 74,  -2,  19,   1,  73,  -3, 108, -20, 
 74,  -2,  19,   1,  73,  -3, 108, -21, 
 74,  -1,  19,   1,  73,  -3, 108, -21, 
 74,  -1,  19,   1,  74,  -3, 108, -22, 
 74,  -1,  20,   1,  74,  -3, 108, -22, 
 74,  -1,  20,   1,  74,  -2, 108, -23, 
 74,  -1,  20,   1,  74,  -2, 108, -23, 
 74,  -1,  20,   1,  74,  -2, 108, -24, 
 74,  -1,  20,   1,  74,  -2, 108, -24, 
 74,  -1,  20,   1,  74,  -2, 108, -25, 
 74,  -1,  20,   1,  74,  -2, 108, -25, 
 74,  -1,  20,   1,  74,  -2, 108, -26, 
 75,  -1,  20,   1,  74,  -2, 108, -26, 
 75,  -1,  20,   1,  74,  -2, 108, -27, 
 75,  -1,  20,   1,  74,  -2, 108, -27, 
 75,  -1,  20,   0,  74,  -1, 108, -28, 
 75,  -1,  20,   0,  74,  -1, 108, -28, 
 75,  -1,  21,   0,  74,  -1, 108, -29, 
 75,   0,  21,   0,  74,  -1, 108, -29, 
 75,   0,  21,   0,  74,  -1, 108, -30, 
 75,   0,  21,   0,  74,  -1, 108, -30, 
 75,   0,  21,   0,  75,  -1, 108, -31, 
 75,   0,  21,   0,  75,  -1, 108, -31, 
 75,   0,  21,   0,  75,  -1, 107, -31, 
 75,   0,  21,   0,  75,   0, 107, -32, 
 75,   0,  21,   0,  75,   0, 107, -32, 
 75,   0,  21,   0,  75,   0, 107, -33, 
 75,   0,  21,   0,  75,   0, 107, -33, 
 75,   0,  22,   0,  75,   0, 107, -33, 
 75,   0,  22,   0,  75,   0, 106, -34, 
 75,   0,  22,   0,  75,   0, 106, -34, 
 75,   0,  22,   0,  75,   0, 106, -34, 
 75,   0,  22,   0,  75,   0, 106, -35, 
 75,   0,  22,  -1,  75,   1, 105, -35, 
 75,   0,  22,  -1,  75,   1, 105, -35, 
 75,   0,  22,  -1,  75,   1, 105, -36, 
 75,   1,  22,  -1,  75,   1, 104, -36, 
 75,   1,  22,  -1,  75,   1, 104, -36, 
 75,   1,  22,  -1,  75,   1, 104, -37, 
 75,   1,  23,  -1,  75,   1, 103, -37, 
 75,   1,  23,  -1,  75,   1, 103, -37, 
 75,   1,  23,  -1,  75,   2, 103, -37, 
 75,   1,  23,  -1,  76,   2, 102, -38, 
 75,   1,  23,  -1,  76,   2, 102, -38, 
 75,   1,  23,  -1,  76,   2, 102, -38, 
 75,   1,  23,  -1,  76,   2, 101, -38, 
 75,   1,  23,  -1,  76,   2, 101, -39, 
 75,   1,  23,  -1,  76,   2, 100, -39, 
 75,   1,  23,  -1,  76,   2, 100, -39, 
 75,   1,  24,  -2,  76,   3,  99, -39, 
 75,   1,  24,  -2,  76,   3,  99, -39, 
 75,   1,  24,  -2,  76,   3,  98, -39, 
 75,   1,  24,  -2,  76,   3,  98, -39, 
 75,   1,  24,  -2,  76,   3,  97, -40, 
 75,   1,  24,  -2,  76,   3,  97, -40, 
 75,   1,  24,  -2,  76,   3,  96, -40, 
 75,   2,  24,  -2,  76,   3,  96, -40, 
 75,   2,  24,  -2,  76,   4,  95, -40, 
 76,   2,  24,  -2,  76,   4,  95, -40, 
 76,   2,  25,  -2,  76,   4,  94, -40, 
 76,   2,  25,  -2,  76,   4,  94, -40, 
 76,   2,  25,  -2,  76,   4,  93, -40, 
 76,   2,  25,  -2,  76,   4,  92, -40, 
 76,   2,  25,  -2,  76,   4,  92, -40, 
 76,   2,  25,  -2,  76,   4,  91, -40, 
 76,   2,  25,  -3,  76,   5,  91, -40, 
 76,   2,  25,  -3,  76,   5,  90, -40, 
 76,   2,  25,  -3,  76,   5,  89, -40, 
 76,   2,  26,  -3,  76,   5,  89, -40, 
 76,   2,  26,  -3,  76,   5,  88, -40, 
 76,   2,  26,  -3,  76,   5,  87, -40, 
 76,   2,  26,  -3,  77,   5,  87, -40, 
 76,   2,  26,  -3,  77,   6,  86, -40, 
 76,   2,  26,  -3,  77,   6,  86, -40, 
 76,   2,  26,  -3,  77,   6,  85, -39, 
 76,   2,  26,  -3,  77,   6,  84, -39, 
 76,   2,  26,  -3,  77,   6,  84, -39, 
 76,   2,  27,  -3,  77,   6,  83, -39, 
 76,   2,  27,  -3,  77,   6,  82, -39, 
 76,   2,  27,  -3,  77,   6,  82, -39, 
 76,   3,  27,  -3,  77,   7,  81, -39, 
 76,   3,  27,  -4,  77,   7,  81, -38, 
 76,   3,  27,  -4,  77,   7,  80, -38, 
 76,   3,  27,  -4,  77,   7,  79, -38, 
 76,   3,  27,  -4,  77,   7,  79, -38, 
 76,   3,  28,  -4,  77,   7,  78, -38, 
 76,   3,  28,  -4,  77,   7,  77, -37, 
 76,   3,  28,  -4,  77,   8,  77, -37, 
 76,   3,  28,  -4,  77,   8,  76, -37, 
 76,   3,  28,  -4,  77,   8,  76, -37, 
 76,   3,  28,  -4,  77,   8,  75, -36, 
 76,   3,  28,  -4,  77,   8,  74, -36, 
 76,   3,  28,  -4,  77,   8,  74, -36, 
 76,   3,  28,  -4,  77,   8,  73, -35, 
 76,   3,  29,  -4,  77,   9,  73, -35, 
 76,   3,  29,  -4,  77,   9,  72, -35, 
 76,   3,  29,  -5,  77,   9,  72, -35, 
 76,   3,  29,  -5,  77,   9,  71, -34, 
 76,   3,  29,  -5,  77,   9,  70, -34, 
 76,   3,  29,  -5,  77,   9,  70, -34, 
 76,   3,  29,  -5,  77,   9,  69, -33, 
 76,   3,  29,  -5,  77,  10,  69, -33, 
 76,   3,  30,  -5,  77,  10,  68, -33, 
 76,   3,  30,  -5,  77,  10,  68, -32, 
 76,   3,  30,  -5,  77,  10,  67, -32, 
 76,   3,  30,  -5,  77,  10,  67, -32, 
 76,   3,  30,  -5,  77,  10,  66, -31, 
 76,   3,  30,  -5,  77,  11,  66, -31, 
 76,   3,  30,  -5,  77,  11,  65, -30, 
 76,   3,  31,  -5,  77,  11,  65, -30, 
 76,   3,  31,  -5,  77,  11,  64, -30, 
 76,   3,  31,  -6,  77,  11,  64, -29, 
 76,   3,  31,  -6,  77,  11,  63, -29, 
 76,   3,  31,  -6,  77,  11,  63, -28, 
 76,   3,  31,  -6,  77,  12,  62, -28, 
 76,   3,  31,  -6,  77,  12,  62, -28, 
 76,   4,  31,  -6,  77,  12,  61, -27, 
 76,   4,  32,  -6,  77,  12,  61, -27, 
 76,   4,  32,  -6,  77,  12,  61, -26, 
 76,   4,  32,  -6,  77,  12,  60, -26, 
 76,   4,  32,  -6,  77,  12,  60, -26, 
 76,   4,  32,  -6,  77,  13,  59, -25, 
 76,   4,  32,  -6,  77,  13,  59, -25, 
 76,   4,  32,  -6,  77,  13,  58, -24, 
 76,   4,  33,  -6,  77,  13,  58, -24, 
 76,   4,  33,  -6,  77,  13,  58, -23, 
 76,   4,  33,  -6,  77,  13,  57, -23, 
 76,   4,  33,  -7,  77,  14,  57, -22, 
 76,   4,  33,  -7,  77,  14,  56, -22, 
 76,   4,  33,  -7,  77,  14,  56, -22, 
 76,   4,  33,  -7,  77,  14,  56, -21, 
 76,   4,  33,  -7,  77,  14,  55, -21, 
 76,   4,  34,  -7,  77,  14,  55, -20, 
 76,   4,  34,  -7,  77,  15,  55, -20, 
 76,   4,  34,  -7,  77,  15,  54, -19, 
 76,   4,  34,  -7,  77,  15,  54, -19, 
 76,   4,  34,  -7,  77,  15,  54, -18, 
 76,   4,  34,  -7,  77,  15,  53, -18, 
 76,   4,  34,  -7,  77,  15,  53, -17, 
 76,   4,  35,  -7,  77,  15,  53, -17, 
 76,   4,  35,  -7,  77,  16,  52, -16, 
 76,   4,  35,  -7,  77,  16,  52, -16, 
 76,   4,  35,  -7,  77,  16,  52, -15, 
 76,   4,  35,  -7,  77,  16,  52, -15, 
 76,   4,  35,  -8,  77,  16,  51, -14, 
 76,   4,  35,  -8,  77,  16,  51, -14, 
 76,   4,  36,  -8,  77,  17,  51, -13, 
 76,   4,  36,  -8,  77,  17,  50, -13, 
 76,   4,  36,  -8,  77,  17,  50, -13, 
 76,   4,  36,  -8,  77,  17,  50, -12, 
 76,   4,  36,  -8,  77,  17,  50, -12, 
 76,   4,  36,  -8,  77,  17,  50, -12, 
 76,   4,  36,  -8,  77,  18,  50, -12, 
 76,   4,  37,  -8,  77,  18,  50, -12, 
 76,   3,  37,  -8,  77,  18,  50, -12, 
 77,   3,  37,  -8,  77,  18,  50, -12, 
 77,   3,  37,  -8,  77,  18,  50, -12, 
 77,   3,  37,  -8,  77,  18,  50, -12, 
 77,   3,  37,  -8,  77,  18,  50, -12, 
 77,   3,  37,  -8,  77,  19,  50, -12, 
 77,   3,  38,  -8,  77,  19,  50, -12, 
 77,   2,  38,  -9,  77,  19,  50, -12, 
 77,   2,  38,  -9,  77,  19,  50, -12, 
 77,   2,  38,  -9,  77,  19,  50, -12, 
 77,   2,  38,  -9,  77,  19,  50, -12, 
 77,   2,  38,  -9,  77,  20,  50, -12, 
 77,   2,  38,  -9,  77,  20,  50, -12, 
 77,   2,  39,  -9,  77,  20,  50, -12, 
 77,   1,  39,  -9,  77,  20,  50, -12, 
 77,   1,  39,  -9,  77,  20,  50, -12, 
 77,   1,  39,  -9,  77,  20,  50, -12, 
 78,   1,  39,  -9,  77,  21,  50, -12, 
 78,   1,  39,  -9,  77,  21,  50, -12, 
 78,   0,  40,  -9,  77,  21,  50, -12, 
 78,   0,  40,  -9,  77,  21,  50, -12, 
 78,   0,  40,  -9,  77,  21,  50, -12, 
 78,   0,  40,  -9,  77,  21,  50, -12, 
 78,   0,  40,  -9,  77,  22,  50, -12, 
 78,  -1,  40,  -9,  76,  22,  50, -12, 
 78,  -1,  40,  -9,  76,  22,  50, -12, 
 78,  -1,  41,  -9,  76,  22,  50, -12, 
 78,  -1,  41, -10,  76,  22,  50, -12, 
 78,  -2,  41, -10,  76,  22,  50, -12, 
 78,  -2,  41, -10,  76,  23,  50, -12, 
 78,  -2,  41, -10,  76,  23,  50, -12, 
 78,  -2,  41, -10,  76,  23,  50, -12, 
 78,  -2,  41, -10,  76,  23,  50, -12, 
 78,  -3,  42, -10,  76,  23,  50, -12, 
 78,  -3,  42, -10,  76,  23,  50, -12, 
 78,  -3,  42, -10,  76,  24,  50, -12, 
 78,  -3,  42, -10,  76,  24,  50, -12, 
 78,  -4,  42, -10,  76,  24,  50, -12, 
 78,  -4,  42, -10,  76,  24,  50, -12, 
 78,  -4,  43, -10,  76,  24,  50, -12, 
 78,  -4,  43, -10,  76,  24,  50, -12, 
 78,  -5,  43, -10,  76,  25,  50, -12, 
 78,  -5,  43, -10,  76,  25,  50, -12, 
 78,  -5,  43, -10,  76,  25,  50, -12, 
 78,  -5,  43, -10,  76,  25,  50, -12, 
 78,  -6,  43, -10,  76,  25,  50, -12, 
 78,  -6,  44, -10,  76,  25,  50, -12, 
 78,  -6,  44, -10,  76,  26,  51, -12, 
 78,  -6,  44, -10,  76,  26,  51, -12, 
 78,  -7,  44, -10,  76,  26,  51, -12, 
 78,  -7,  44, -10,  76,  26,  51, -12, 
 77,  -7,  44, -11,  76,  26,  51, -12, 
 77,  -8,  44, -11,  76,  26,  51, -12, 
 77,  -8,  45, -11,  76,  27,  51, -12, 
 77,  -8,  45, -11,  76,  27,  51, -12, 
 77,  -8,  45, -11,  76,  27,  51, -12, 
 77,  -9,  45, -11,  76,  27,  51, -12, 
 77,  -9,  45, -11,  76,  27,  51, -12, 
 77,  -9,  45, -11,  76,  27,  51, -12, 
 77,  -9,  46, -11,  75,  28,  51, -12, 
 77, -10,  46, -11,  75,  28,  51, -12, 
 77, -10,  46, -11,  75,  28,  51, -12, 
 76, -10,  46, -11,  75,  28,  51, -12, 
 76, -10,  46, -11,  75,  28,  51, -12, 
 76, -11,  46, -11,  75,  28,  51, -12, 
 76, -11,  46, -11,  75,  28,  51, -12, 
 76, -11,  47, -11,  75,  29,  51, -12, 
 76, -11,  47, -11,  75,  29,  51, -12, 
 76, -12,  47, -11,  75,  29,  51, -12, 
 75, -12,  47, -11,  75,  29,  51, -12, 
 75, -12,  47, -11,  75,  29,  51, -12, 
 75, -12,  47, -11,  75,  29,  51, -12, 
 75, -13,  47, -11,  75,  30,  51, -12, 
 75, -13,  48, -11,  75,  30,  52, -12, 
 75, -13,  48, -11,  75,  30,  52, -12, 
 74, -13,  48, -11,  75,  30,  52, -12, 
 74, -14,  48, -11,  75,  30,  52, -12, 
 74, -14,  48, -11,  75,  30,  52, -12, 
 74, -14,  48, -11,  75,  31,  52, -12, 
 74, -14,  49, -11,  75,  31,  52, -12, 
 73, -15,  49, -11,  75,  31,  52, -12, 
 73, -15,  49, -11,  75,  31,  52, -12, 
 73, -15,  49, -11,  75,  31,  52, -12, 
 73, -15,  49, -11,  75,  31,  52, -12, 
 72, -15,  49, -11,  75,  32,  52, -12, 
 72, -16,  49, -12,  75,  32,  52, -12, 
 72, -16,  50, -12,  75,  32,  52, -12, 
 72, -16,  50, -12,  74,  32,  52, -12, 
 71, -16,  50, -12,  74,  32,  52, -12, 
 71, -16,  50, -12,  74,  32,  52, -12, 
 71, -17,  50, -12,  74,  32,  52, -12, 
 71, -17,  50, -12,  74,  33,  52, -12, 
 70, -17,  50, -12,  74,  33,  52, -12, 
 70, -17,  51, -12,  74,  33,  53, -12, 
 70, -17,  51, -12,  74,  33,  53, -12, 
 69, -17,  51, -12,  74,  33,  53, -12, 
 69, -18,  51, -12,  74,  33,  53, -12, 
 69, -18,  51, -12,  74,  34,  53, -12, 
 68, -18,  51, -12,  74,  34,  53, -12, 
 68, -18,  51, -12,  74,  34,  53, -12, 
 68, -18,  52, -12,  74,  34,  53, -12, 
 67, -18,  52, -12,  74,  34,  53, -12, 
 67, -18,  52, -12,  74,  34,  53, -12, 
 67, -18,  52, -12,  74,  34,  53, -12, 
 66, -19,  52, -12,  74,  35,  53, -12, 
 66, -19,  52, -12,  74,  35,  53, -12, 
 65, -19,  53, -12,  74,  35,  53, -12, 
 65, -19,  53, -12,  74,  35,  53, -12, 
 65, -19,  53, -12,  74,  35,  53, -12, 
 64, -19,  53, -12,  74,  35,  54, -12, 
 64, -19,  53, -12,  74,  35,  54, -12, 
 63, -19,  53, -12,  74,  36,  54, -12, 
 63, -19,  53, -12,  73,  36,  54, -12, 
 63, -19,  54, -12,  73,  36,  54, -12, 
 62, -19,  54, -12,  73,  36,  54, -12, 
 62, -19,  54, -12,  73,  36,  54, -12, 
 61, -19,  54, -12,  73,  36,  54, -12, 
 61, -19,  54, -12,  73,  36,  54, -12, 
 60, -19,  54, -12,  73,  37,  54, -12, 
 60, -19,  54, -12,  73,  37,  54, -12, 
 59, -19,  55, -12,  73,  37,  54, -12, 
 59, -19,  55, -12,  73,  37,  54, -12, 
 59, -19,  55, -12,  73,  37,  54, -12, 
 58, -19,  55, -12,  73,  37,  54, -12, 
 58, -19,  55, -12,  73,  37,  55, -12, 
 57, -19,  55, -12,  73,  38,  55, -12, 
 57, -19,  55, -12,  73,  38,  55, -12, 
 56, -19,  55, -12,  73,  38,  55, -12, 
 56, -19,  56, -12,  73,  38,  55, -12, 
 55, -19,  56, -12,  73,  38,  55, -12, 
 55, -19,  56, -12,  73,  38,  55, -12, 
 54, -19,  56, -12,  73,  38,  55, -12, 
 54, -19,  56, -12,  73,  39,  55, -12, 
 53, -19,  56, -12,  73,  39,  55, -12, 
 53, -19,  56, -12,  73,  39,  55, -12, 
 52, -19,  57, -12,  73,  39,  55, -12, 
 52, -19,  57, -12,  73,  39,  55, -12, 
 51, -19,  57, -12,  72,  39,  56, -12, 
 51, -19,  57, -12,  72,  39,  56, -12, 
 50, -18,  57, -12,  72,  40,  56, -12, 
 50, -18,  57, -12,  72,  40,  56, -12, 
 49, -18,  57, -12,  72,  40,  56, -12, 
 49, -18,  58, -12,  72,  40,  56, -12, 
 48, -18,  58, -12,  72,  40,  56, -12, 
 48, -18,  58, -12,  72,  40,  56, -12, 
 47, -18,  58, -12,  72,  40,  56, -12, 
 47, -18,  58, -12,  72,  40,  56, -12, 
 46, -17,  58, -12,  72,  41,  56, -12, 
 46, -17,  58, -12,  72,  41,  56, -12, 
 45, -17,  58, -12,  72,  41,  56, -12, 
 45, -17,  59, -12,  72,  41,  57, -12, 
 44, -17,  59, -12,  72,  41,  57, -12, 
 44, -17,  59, -12,  72,  41,  57, -12, 
 43, -16,  59, -12,  72,  41,  57, -12, 
 43, -16,  59, -12,  72,  41,  57, -12, 
 42, -16,  59, -12,  72,  41,  57, -12, 
 42, -16,  59, -12,  72,  42,  57, -12, 
 41, -16,  59, -12,  72,  42,  57, -12, 
 41, -15,  60, -11,  72,  42,  57, -12, 
 40, -15,  60, -11,  72,  42,  57, -12, 
 40, -15,  60, -11,  72,  42,  57, -12, 
 39, -15,  60, -11,  72,  42,  57, -12, 
 39, -15,  60, -11,  72,  42,  58, -12, 
 38, -14,  60, -11,  72,  42,  58, -12, 
 38, -14,  60, -11,  71,  42,  58, -12, 
 38, -14,  60, -11,  71,  43,  58, -12, 
 37, -14,  61, -11,  71,  43,  58, -12, 
 37, -13,  61, -11,  71,  43,  58, -12, 
 36, -13,  61, -11,  71,  43,  58, -12, 
 36, -13,  61, -11,  71,  43,  58, -12, 
 35, -13,  61, -11,  71,  43,  58, -12, 
 35, -12,  61, -11,  71,  43,  58, -12, 
 34, -12,  61, -11,  71,  43,  58, -12, 
 34, -12,  61, -11,  71,  43,  59, -12, 
 33, -12,  62, -11,  71,  43,  59, -12, 
 33, -11,  62, -11,  71,  44,  59, -12, 
 33, -11,  62, -11,  71,  44,  59, -12, 
 32, -11,  62, -11,  71,  44,  59, -12, 
 32, -11,  62, -11,  71,  44,  59, -12, 
 31, -10,  62, -11,  71,  44,  59, -12, 
 31, -10,  62, -11,  71,  44,  59, -12, 
 31, -10,  62, -11,  71,  44,  59, -12, 
 30, -10,  62, -11,  71,  44,  59, -12, 
 30,  -9,  63, -11,  71,  44,  59, -12, 
 29,  -9,  63, -11,  71,  44,  59, -11, 
 29,  -9,  63, -11,  71,  44,  60, -11, 
 29,  -9,  63, -11,  71,  45,  60, -11, 
 28,  -8,  63, -11,  71,  45,  60, -11, 
 28,  -8,  63, -11,  71,  45,  60, -11, 
 27,  -8,  63, -11,  71,  45,  60, -11, 
 27,  -8,  63, -11,  71,  45,  60, -11, 
 27,  -7,  63, -11,  71,  45,  60, -11, 
 26,  -7,  64, -10,  71,  45,  60, -11, 
 26,  -7,  64, -10,  71,  45,  60, -11, 
 26,  -6,  64, -10,  71,  45,  60, -11, 
 25,  -6,  64, -10,  71,  45,  60, -11, 
 25,  -6,  64, -10,  71,  45,  61, -11, 
 25,  -6,  64, -10,  70,  45,  61, -11, 
 24,  -5,  64, -10,  70,  45,  61, -11, 
 24,  -5,  64, -10,  70,  46,  61, -11, 
 24,  -5,  64, -10,  70,  46,  61, -11, 
 23,  -5,  65, -10,  70,  46,  61, -11, 
 23,  -4,  65, -10,  70,  46,  61, -11, 
 23,  -4,  65, -10,  70,  46,  61, -11, 
 22,  -4,  65, -10,  70,  46,  61, -11, 
 22,  -4,  65, -10,  70,  46,  61, -11, 
 22,  -3,  65, -10,  70,  46,  62, -11, 
 22,  -3,  65, -10,  70,  46,  62, -11, 
 21,  -3,  65, -10,  70,  46,  62, -11, 
 21,  -3,  65, -10,  70,  46,  62, -11, 
 21,  -2,  65, -10,  70,  46,  62, -11, 
 21,  -2,  66, -10,  70,  46,  62, -11, 
 20,  -2,  66, -10,  70,  46,  62, -11, 
 20,  -2,  66, -10,  70,  46,  62, -11, 
 20,  -2,  66, -10,  70,  46,  62, -11, 
 20,  -1,  66, -10,  70,  46,  62, -11, 
 19,  -1,  66,  -9,  70,  47,  62, -11, 
 19,  -1,  66,  -9,  70,  47,  63, -11, 
 19,  -1,  66,  -9,  70,  47,  63, -11, 
 19,   0,  66,  -9,  70,  47,  63, -11, 
 19,   0,  66,  -9,  70,  47,  63, -11, 
 18,   0,  67,  -9,  70,  47,  63, -11, 
 18,   0,  67,  -9,  70,  47,  63, -11, 
 18,   0,  67,  -9,  70,  47,  63, -11, 
 18,   1,  67,  -9,  70,  47,  63, -11, 
 18,   1,  67,  -9,  70,  47,  63, -11, 
 17,   1,  67,  -9,  70,  47,  63, -11, 
 17,   1,  67,  -9,  70,  47,  63, -11, 
 17,   1,  67,  -9,  70,  47,  64, -10, 
 17,   2,  67,  -9,  70,  47,  64, -10, 
 17,   2,  67,  -9,  70,  47,  64, -10, 
 17,   2,  67,  -9,  70,  47,  64, -10, 
 17,   2,  68,  -9,  70,  47,  64, -10, 
 17,   2,  68,  -9,  70,  47,  64, -10, 
 16,   2,  68,  -9,  70,  47,  64, -10, 
 16,   2,  68,  -9,  70,  47,  64, -10, 
 16,   3,  68,  -8,  70,  47,  64, -10, 
 16,   3,  68,  -8,  70,  47,  64, -10, 
 16,   3,  68,  -8,  70,  47,  65, -10, 
 16,   3,  68,  -8,  70,  47,  65, -10, 
 16,   3,  68,  -8,  70,  47,  65, -10, 
 16,   3,  68,  -8,  70,  47,  65, -10, 
 16,   3,  68,  -8,  70,  47,  65, -10, 
 16,   4,  68,  -8,  70,  47,  65, -10, 
 16,   4,  69,  -8,  70,  47,  65, -10, 
 16,   4,  69,  -8,  70,  47,  65, -10, 
 16,   4,  69,  -8,  70,  47,  65, -10, 
 16,   4,  69,  -8,  70,  46,  65, -10, 
 16,   4,  69,  -8,  71,  46,  65, -10, 
 16,   4,  69,  -8,  71,  45,  66, -10, 
 16,   4,  69,  -8,  72,  44,  66, -10, 
 16,   4,  69,  -8,  72,  44,  66, -10, 
 16,   4,  69,  -8,  73,  43,  66, -10, 
 16,   4,  69,  -7,  74,  42,  66, -10, 
 16,   4,  69,  -7,  74,  42,  66,  -9, 
 16,   4,  69,  -7,  75,  41,  66,  -9, 
 16,   4,  69,  -7,  75,  40,  66,  -9, 
 16,   4,  70,  -7,  76,  39,  66,  -9, 
 16,   4,  70,  -7,  76,  39,  66,  -9, 
 16,   4,  70,  -7,  77,  38,  66,  -9, 
 16,   4,  70,  -7,  77,  37,  67,  -9, 
 16,   4,  70,  -7,  78,  37,  67,  -9, 
 16,   4,  70,  -7,  78,  36,  67,  -9, 
 16,   4,  70,  -7,  79,  35,  67,  -9, 
 16,   4,  70,  -7,  79,  34,  67,  -9, 
 16,   4,  70,  -7,  80,  34,  67,  -9, 
 16,   4,  70,  -7,  80,  33,  67,  -9, 
 16,   4,  70,  -7,  81,  32,  67,  -9, 
 16,   4,  70,  -7,  81,  32,  67,  -9, 
 16,   4,  70,  -7,  82,  31,  67,  -9, 
 16,   4,  70,  -6,  82,  30,  67,  -9, 
 16,   4,  70,  -6,  82,  29,  68,  -9, 
 16,   4,  71,  -6,  83,  29,  68,  -9, 
 16,   4,  71,  -6,  83,  28,  68,  -9, 
 16,   4,  71,  -6,  84,  27,  68,  -8, 
 16,   4,  71,  -6,  84,  27,  68,  -8, 
 16,   4,  71,  -6,  85,  26,  68,  -8, 
 16,   4,  71,  -6,  85,  25,  68,  -8, 
 16,   4,  71,  -6,  86,  25,  68,  -8, 
 16,   4,  71,  -6,  86,  24,  68,  -8, 
 16,   4,  71,  -6,  87,  23,  68,  -8, 
 16,   3,  71,  -6,  87,  22,  68,  -8, 
 16,   3,  71,  -6,  88,  22,  69,  -8, 
 16,   3,  71,  -6,  88,  21,  69,  -8, 
 16,   3,  71,  -6,  89,  20,  69,  -8, 
 16,   3,  71,  -6,  89,  20,  69,  -8, 
 16,   3,  71,  -5,  89,  19,  69,  -8, 
 16,   3,  71,  -5,  90,  18,  69,  -8, 
 16,   3,  72,  -5,  90,  17,  69,  -8, 
 16,   3,  72,  -5,  91,  17,  69,  -8, 
 16,   3,  72,  -5,  91,  16,  69,  -8, 
 16,   3,  72,  -5,  92,  15,  69,  -7, 
 16,   3,  72,  -5,  92,  15,  69,  -7, 
 16,   3,  72,  -5,  92,  14,  69,  -7, 
 16,   3,  72,  -5,  93,  13,  70,  -7, 
 17,   3,  72,  -5,  93,  13,  70,  -7, 
 17,   3,  72,  -5,  94,  12,  70,  -7, 
 17,   3,  72,  -5,  94,  11,  70,  -7, 
 17,   3,  72,  -5,  94,  11,  70,  -7, 
 17,   3,  72,  -5,  95,  10,  70,  -7, 
 17,   3,  72,  -5,  95,   9,  70,  -7, 
 17,   3,  72,  -4,  96,   8,  70,  -7, 
 17,   3,  72,  -4,  96,   8,  70,  -7, 
 17,   3,  72,  -4,  96,   7,  70,  -7, 
 17,   3,  72,  -4,  97,   6,  70,  -7, 
 17,   3,  72,  -4,  97,   6,  70,  -6, 
 17,   3,  73,  -4,  98,   5,  71,  -6, 
 17,   3,  73,  -4,  98,   4,  71,  -6, 
 17,   3,  73,  -4,  98,   4,  71,  -6, 
 17,   3,  73,  -4,  99,   3,  71,  -6, 
 17,   3,  73,  -4,  99,   2,  71,  -6, 
 17,   3,  73,  -4,  99,   2,  71,  -6, 
 17,   3,  73,  -4, 100,   1,  71,  -6, 
 17,   3,  73,  -4, 100,   0,  71,  -6, 
 17,   3,  73,  -4, 100,   0,  71,  -6, 
 17,   3,  73,  -4, 101,  -1,  71,  -6, 
 17,   3,  73,  -3, 101,  -2,  71,  -6, 
 17,   2,  73,  -3, 101,  -2,  71,  -6, 
 18,   2,  73,  -3, 102,  -3,  71,  -5, 
 18,   2,  73,  -3, 102,  -4,  71,  -5, 
 18,   2,  73,  -3, 102,  -4,  72,  -5, 
 18,   2,  73,  -3, 103,  -5,  72,  -5, 
 18,   2,  73,  -3, 103,  -6,  72,  -5, 
 18,   2,  73,  -3, 103,  -6,  72,  -5, 
 18,   2,  73,  -3, 103,  -7,  72,  -5, 
 18,   2,  73,  -3, 104,  -7,  72,  -5, 
 18,   2,  73,  -3, 104,  -8,  72,  -5, 
 18,   2,  73,  -3, 104,  -9,  72,  -5, 
 18,   2,  73,  -3, 104,  -9,  72,  -5, 
 18,   2,  74,  -3, 105, -10,  72,  -5, 
 18,   2,  74,  -3, 105, -11,  72,  -4, 
 18,   2,  74,  -3, 105, -11,  72,  -4, 
 18,   2,  74,  -2, 105, -12,  72,  -4, 
 18,   2,  74,  -2, 106, -12,  72,  -4, 
 18,   2,  74,  -2, 106, -13,  73,  -4, 
 19,   2,  74,  -2, 106, -14,  73,  -4, 
 19,   2,  74,  -2, 106, -14,  73,  -4, 
 19,   2,  74,  -2, 106, -15,  73,  -4, 
 19,   2,  74,  -2, 107, -15,  73,  -4, 
 19,   2,  74,  -2, 107, -16,  73,  -4, 
 19,   2,  74,  -2, 107, -17,  73,  -4, 
 19,   1,  74,  -2, 107, -17,  73,  -3, 
 19,   1,  74,  -2, 107, -18,  73,  -3, 
 19,   1,  74,  -2, 107, -18,  73,  -3, 
 19,   1,  74,  -2, 108, -19,  73,  -3, 
 19,   1,  74,  -2, 108, -20,  73,  -3, 
 19,   1,  74,  -2, 108, -20,  73,  -3, 
 19,   1,  74,  -2, 108, -21,  73,  -3, 
 19,   1,  74,  -1, 108, -21,  73,  -3, 
 19,   1,  74,  -1, 108, -22,  74,  -3, 
 20,   1,  74,  -1, 108, -22,  74,  -3, 
 20,   1,  74,  -1, 108, -23,  74,  -2, 
 20,   1,  74,  -1, 108, -23,  74,  -2, 
 20,   1,  74,  -1, 108, -24,  74,  -2, 
 20,   1,  74,  -1, 108, -24,  74,  -2, 
 20,   1,  74,  -1, 108, -25,  74,  -2, 
 20,   1,  74,  -1, 108, -25,  74,  -2, 
 20,   1,  74,  -1, 108, -26,  74,  -2, 
 20,   1,  75,  -1, 108, -26,  74,  -2, 
 20,   1,  75,  -1, 108, -27,  74,  -2, 
 20,   1,  75,  -1, 108, -27,  74,  -2, 
 20,   0,  75,  -1, 108, -28,  74,  -1, 
 20,   0,  75,  -1, 108, -28,  74,  -1, 
 21,   0,  75,  -1, 108, -29,  74,  -1, 
 21,   0,  75,   0, 108, -29,  74,  -1, 
 21,   0,  75,   0, 108, -30,  74,  -1, 
 21,   0,  75,   0, 108, -30,  74,  -1, 
 21,   0,  75,   0, 108, -31,  75,  -1, 
 21,   0,  75,   0, 108, -31,  75,  -1, 
 21,   0,  75,   0, 107, -31,  75,  -1, 
 21,   0,  75,   0, 107, -32,  75,   0, 
 21,   0,  75,   0, 107, -32,  75,   0, 
 21,   0,  75,   0, 107, -33,  75,   0, 
 21,   0,  75,   0, 107, -33,  75,   0, 
 22,   0,  75,   0, 107, -33,  75,   0, 
 22,   0,  75,   0, 106, -34,  75,   0, 
 22,   0,  75,   0, 106, -34,  75,   0, 
 22,   0,  75,   0, 106, -34,  75,   0, 
 22,   0,  75,   0, 106, -35,  75,   0, 
 22,  -1,  75,   0, 105, -35,  75,   1, 
 22,  -1,  75,   0, 105, -35,  75,   1, 
 22,  -1,  75,   0, 105, -36,  75,   1, 
 22,  -1,  75,   1, 104, -36,  75,   1, 
 22,  -1,  75,   1, 104, -36,  75,   1, 
 22,  -1,  75,   1, 104, -37,  75,   1, 
 23,  -1,  75,   1, 103, -37,  75,   1, 
 23,  -1,  75,   1, 103, -37,  75,   1, 
 23,  -1,  75,   1, 103, -37,  75,   2, 
 23,  -1,  75,   1, 102, -38,  76,   2, 
 23,  -1,  75,   1, 102, -38,  76,   2, 
 23,  -1,  75,   1, 102, -38,  76,   2, 
 23,  -1,  75,   1, 101, -38,  76,   2, 
 23,  -1,  75,   1, 101, -39,  76,   2, 
 23,  -1,  75,   1, 100, -39,  76,   2, 
 23,  -1,  75,   1, 100, -39,  76,   2, 
 24,  -2,  75,   1,  99, -39,  76,   3, 
 24,  -2,  75,   1,  99, -39,  76,   3, 
 24,  -2,  75,   1,  98, -39,  76,   3, 
 24,  -2,  75,   1,  98, -39,  76,   3, 
 24,  -2,  75,   1,  97, -40,  76,   3, 
 24,  -2,  75,   1,  97, -40,  76,   3, 
 24,  -2,  75,   1,  96, -40,  76,   3, 
 24,  -2,  75,   2,  96, -40,  76,   3, 
 24,  -2,  75,   2,  95, -40,  76,   4, 
 24,  -2,  76,   2,  95, -40,  76,   4, 
 25,  -2,  76,   2,  94, -40,  76,   4, 
 25,  -2,  76,   2,  94, -40,  76,   4, 
 25,  -2,  76,   2,  93, -40,  76,   4, 
 25,  -2,  76,   2,  92, -40,  76,   4, 
 25,  -2,  76,   2,  92, -40,  76,   4, 
 25,  -2,  76,   2,  91, -40,  76,   4, 
 25,  -3,  76,   2,  91, -40,  76,   5, 
 25,  -3,  76,   2,  90, -40,  76,   5, 
 25,  -3,  76,   2,  89, -40,  76,   5, 
 26,  -3,  76,   2,  89, -40,  76,   5, 
 26,  -3,  76,   2,  88, -40,  76,   5, 
 26,  -3,  76,   2,  87, -40,  76,   5, 
 26,  -3,  76,   2,  87, -40,  77,   5, 
 26,  -3,  76,   2,  86, -40,  77,   6, 
 26,  -3,  76,   2,  86, -40,  77,   6, 
 26,  -3,  76,   2,  85, -39,  77,   6, 
 26,  -3,  76,   2,  84, -39,  77,   6, 
 26,  -3,  76,   2,  84, -39,  77,   6, 
 27,  -3,  76,   2,  83, -39,  77,   6, 
 27,  -3,  76,   2,  82, -39,  77,   6, 
 27,  -3,  76,   2,  82, -39,  77,   6, 
 27,  -3,  76,   3,  81, -39,  77,   7, 
 27,  -4,  76,   3,  81, -38,  77,   7, 
 27,  -4,  76,   3,  80, -38,  77,   7, 
 27,  -4,  76,   3,  79, -38,  77,   7, 
 27,  -4,  76,   3,  79, -38,  77,   7, 
 28,  -4,  76,   3,  78, -38,  77,   7, 
 28,  -4,  76,   3,  77, -37,  77,   7, 
 28,  -4,  76,   3,  77, -37,  77,   8, 
 28,  -4,  76,   3,  76, -37,  77,   8, 
 28,  -4,  76,   3,  76, -37,  77,   8, 
 28,  -4,  76,   3,  75, -36,  77,   8, 
 28,  -4,  76,   3,  74, -36,  77,   8, 
 28,  -4,  76,   3,  74, -36,  77,   8, 
 28,  -4,  76,   3,  73, -35,  77,   8, 
 29,  -4,  76,   3,  73, -35,  77,   9, 
 29,  -4,  76,   3,  72, -35,  77,   9, 
 29,  -5,  76,   3,  72, -35,  77,   9, 
 29,  -5,  76,   3,  71, -34,  77,   9, 
 29,  -5,  76,   3,  70, -34,  77,   9, 
 29,  -5,  76,   3,  70, -34,  77,   9, 
 29,  -5,  76,   3,  69, -33,  77,   9, 
 29,  -5,  76,   3,  69, -33,  77,  10, 
 30,  -5,  76,   3,  68, -33,  77,  10, 
 30,  -5,  76,   3,  68, -32,  77,  10, 
 30,  -5,  76,   3,  67, -32,  77,  10, 
 30,  -5,  76,   3,  67, -32,  77,  10, 
 30,  -5,  76,   3,  66, -31,  77,  10, 
 30,  -5,  76,   3,  66, -31,  77,  11, 
 30,  -5,  76,   3,  65, -30,  77,  11, 
 31,  -5,  76,   3,  65, -30,  77,  11, 
 31,  -5,  76,   3,  64, -30,  77,  11, 
 31,  -6,  76,   3,  64, -29,  77,  11, 
 31,  -6,  76,   3,  63, -29,  77,  11, 
 31,  -6,  76,   3,  63, -28,  77,  11, 
 31,  -6,  76,   3,  62, -28,  77,  12, 
 31,  -6,  76,   3,  62, -28,  77,  12, 
 31,  -6,  76,   4,  61, -27,  77,  12, 
 32,  -6,  76,   4,  61, -27,  77,  12, 
 32,  -6,  76,   4,  61, -26,  77,  12, 
 32,  -6,  76,   4,  60, -26,  77,  12, 
 32,  -6,  76,   4,  60, -26,  77,  12, 
 32,  -6,  76,   4,  59, -25,  77,  13, 
 32,  -6,  76,   4,  59, -25,  77,  13, 
 32,  -6,  76,   4,  58, -24,  77,  13, 
 33,  -6,  76,   4,  58, -24,  77,  13, 
 33,  -6,  76,   4,  58, -23,  77,  13, 
 33,  -6,  76,   4,  57, -23,  77,  13, 
 33,  -7,  76,   4,  57, -22,  77,  14, 
 33,  -7,  76,   4,  56, -22,  77,  14, 
 33,  -7,  76,   4,  56, -22,  77,  14, 
 33,  -7,  76,   4,  56, -21,  77,  14, 
 33,  -7,  76,   4,  55, -21,  77,  14, 
 34,  -7,  76,   4,  55, -20,  77,  14, 
 34,  -7,  76,   4,  55, -20,  77,  15, 
 34,  -7,  76,   4,  54, -19,  77,  15, 
 34,  -7,  76,   4,  54, -19,  77,  15, 
 34,  -7,  76,   4,  54, -18,  77,  15, 
 34,  -7,  76,   4,  53, -18,  77,  15, 
 34,  -7,  76,   4,  53, -17,  77,  15, 
 35,  -7,  76,   4,  53, -17,  77,  15, 
 35,  -7,  76,   4,  52, -16,  77,  16, 
 35,  -7,  76,   4,  52, -16,  77,  16, 
 35,  -7,  76,   4,  52, -15,  77,  16, 
 35,  -7,  76,   4,  52, -15,  77,  16, 
 35,  -8,  76,   4,  51, -14,  77,  16, 
 35,  -8,  76,   4,  51, -14,  77,  16, 
 36,  -8,  76,   4,  51, -13,  77,  17, 
 36,  -8,  76,   4,  50, -13,  77,  17, 
 36,  -8,  76,   4,  50, -13,  77,  17, 
 36,  -8,  76,   4,  50, -12,  77,  17, 
